SUITE,TIME,INITIAL,JOB_ID,JOB_PID,JOB_SUBMIT_TIME,JOB_INIT_TIME,JOB_EXIT_TIME,JOB_STATUS,TOOK1,TOOK2,TOOK3
u-ch427-n1280-template,,,,,,,,,,,
u-ch427-n1280-template-32-32,,,,,,,,,,,
u-ch427-n1280-template-64-32,,,,,,,,,,,
u-ch427-n1280-template-64-64,,,,,,,,,,,
u-ch427-n1280-template-90-60,,,,,,,,,,,
u-ch427-n1280-template-96-32,,,,,,,,,,,
u-ch427-n1280-template-queue,,,,,,,,,,,
u-ch427-n216-ens0,,,891731,134769,2021-12-14T14:46:52Z,2021-12-14T14:47:45Z,2021-12-14T14:50:19Z,SUCCEEDED,,,
u-ch427-n216-ens1,127.081,39.41,891837,230842,2021-12-14T14:57:17Z,2021-12-14T15:18:46Z,2021-12-14T15:21:10Z,SUCCEEDED,11.918,0.596,0.576
u-ch427-n216-ens10,246.425,140.28,891751,103508,2021-12-14T14:48:22Z,2021-12-14T15:40:49Z,2021-12-14T15:46:45Z,SUCCEEDED,12.986,0.609,0.605
u-ch427-n216-ens11,251.726,143.57,891827,167387,2021-12-14T14:56:59Z,2021-12-14T15:48:47Z,2021-12-14T15:54:55Z,SUCCEEDED,11.676,0.662,0.604
u-ch427-n216-ens12,272.917,140.26,891860,160416,2021-12-14T15:00:19Z,2021-12-14T15:50:48Z,2021-12-14T15:57:18Z,SUCCEEDED,13.939,5.384,1.325
u-ch427-n216-ens13,272.968,156.69,891759,4896,2021-12-14T14:49:19Z,2021-12-14T14:55:47Z,2021-12-14T15:02:35Z,SUCCEEDED,14.431,0.648,0.607
u-ch427-n216-ens14,277.085,160.98,891760,98595,2021-12-14T14:49:27Z,2021-12-14T15:05:45Z,2021-12-14T15:12:39Z,SUCCEEDED,13.164,0.772,0.620
u-ch427-n216-ens15,289.800,167.12,891826,106423,2021-12-14T14:56:54Z,2021-12-14T15:40:48Z,2021-12-14T15:47:56Z,SUCCEEDED,13.487,0.936,0.619
u-ch427-n216-ens16,301.042,175.97,891805,47487,2021-12-14T14:54:45Z,2021-12-14T15:32:47Z,2021-12-14T15:40:26Z,SUCCEEDED,14.191,0.864,0.607
u-ch427-n216-ens17,303.057,175.11,891808,46924,2021-12-14T14:55:02Z,2021-12-14T15:22:48Z,2021-12-14T15:30:33Z,SUCCEEDED,16.355,0.989,0.605
u-ch427-n216-ens18,325.712,179.00,891816,260535,2021-12-14T14:55:32Z,2021-12-14T15:13:48Z,2021-12-14T15:22:14Z,SUCCEEDED,23.317,0.808,0.624
u-ch427-n216-ens2,155.446,66.83,891832,231203,2021-12-14T14:57:13Z,2021-12-14T15:55:48Z,2021-12-14T15:59:03Z,SUCCEEDED,10.150,0.613,0.584
u-ch427-n216-ens3,172.572,81.02,891829,34465,2021-12-14T14:57:08Z,2021-12-14T15:09:46Z,2021-12-14T15:13:20Z,SUCCEEDED,11.070,0.608,0.589
u-ch427-n216-ens4,183.853,89.38,891838,26269,2021-12-14T14:57:42Z,2021-12-14T15:55:48Z,2021-12-14T15:59:38Z,SUCCEEDED,12.465,0.645,0.609
u-ch427-n216-ens5,194.702,100.04,891828,43837,2021-12-14T14:57:04Z,2021-12-14T15:30:49Z,2021-12-14T15:35:08Z,SUCCEEDED,11.774,0.607,0.705
u-ch427-n216-ens6,211.021,107.65,891741,137947,2021-12-14T14:47:50Z,2021-12-14T14:56:46Z,2021-12-14T15:01:21Z,SUCCEEDED,11.549,0.666,0.589
u-ch427-n216-ens7,216.786,112.78,891742,172079,2021-12-14T14:48:00Z,2021-12-14T15:49:48Z,2021-12-14T15:54:47Z,SUCCEEDED,11.781,0.630,0.603
u-ch427-n216-ens8,228.310,125.67,891743,189728,2021-12-14T14:48:08Z,2021-12-14T15:53:47Z,2021-12-14T15:59:06Z,SUCCEEDED,12.570,0.662,0.614
u-ch427-n216-ens9,246.673,128.72,891749,256215,2021-12-14T14:48:14Z,2021-12-14T15:48:47Z,2021-12-14T15:54:22Z,SUCCEEDED,13.059,0.607,0.598
u-ch427-n216-false-ens0,246.673,128.72,896973,46159,2021-12-15T21:36:51Z,2021-12-15T21:37:58Z,2021-12-15T21:40:33Z,SUCCEEDED,13.059,0.607,0.598
u-ch427-n216-false-ens1,129.433,39.62,897480,78810,2021-12-16T01:11:37Z,2021-12-16T01:11:58Z,2021-12-16T01:14:27Z,SUCCEEDED,12.491,0.599,0.581
u-ch427-n216-false-ens10,258.662,136.80,898410,105672,2021-12-16T11:34:55Z,2021-12-16T19:09:51Z,2021-12-16T19:15:41Z,SUCCEEDED,14.203,0.641,0.606
u-ch427-n216-false-ens11,262.684,142.08,898416,162253,2021-12-16T11:35:11Z,2021-12-16T19:31:49Z,2021-12-16T19:38:04Z,SUCCEEDED,14.161,0.664,0.595
u-ch427-n216-false-ens12,273.037,147.93,898414,91890,2021-12-16T11:35:07Z,2021-12-16T16:44:53Z,2021-12-16T16:51:19Z,SUCCEEDED,14.505,0.634,0.618
u-ch427-n216-false-ens13,278.478,150.32,898415,165244,2021-12-16T11:35:07Z,2021-12-16T19:16:50Z,2021-12-16T19:23:24Z,SUCCEEDED,14.826,0.614,0.619
u-ch427-n216-false-ens14,316.023,173.03,898407,31705,2021-12-16T11:34:42Z,2021-12-16T16:36:53Z,2021-12-16T16:44:27Z,SUCCEEDED,13.365,0.729,3.744
u-ch427-n216-false-ens15,316.988,175.85,898412,112612,2021-12-16T11:35:02Z,2021-12-16T14:13:55Z,2021-12-16T14:21:14Z,SUCCEEDED,13.849,1.233,0.623
u-ch427-n216-false-ens16,300.507,167.04,897495,108080,2021-12-16T01:11:44Z,2021-12-16T02:55:58Z,2021-12-16T03:03:40Z,SUCCEEDED,17.041,0.940,0.620
u-ch427-n216-false-ens17,296.051,167.19,897494,207361,2021-12-16T01:11:44Z,2021-12-16T02:55:58Z,2021-12-16T03:03:37Z,SUCCEEDED,16.389,0.691,0.620
u-ch427-n216-false-ens18,327.667,179.04,897497,197992,2021-12-16T01:11:51Z,2021-12-16T01:12:58Z,2021-12-16T01:21:29Z,SUCCEEDED,26.456,1.000,0.597
u-ch427-n216-false-ens2,159.410,69.68,897481,145551,2021-12-16T01:11:38Z,2021-12-16T01:11:58Z,2021-12-16T01:15:19Z,SUCCEEDED,11.046,0.601,0.585
u-ch427-n216-false-ens3,172.665,82.64,897482,16249,2021-12-16T01:11:38Z,2021-12-16T01:11:58Z,2021-12-16T01:15:31Z,SUCCEEDED,9.072,0.645,0.589
u-ch427-n216-false-ens4,190.247,90.08,897483,51970,2021-12-16T01:11:39Z,2021-12-16T01:11:58Z,2021-12-16T01:15:54Z,SUCCEEDED,18.667,0.605,0.608
u-ch427-n216-false-ens5,202.151,109.72,897489,12492,2021-12-16T01:11:41Z,2021-12-16T01:16:58Z,2021-12-16T01:21:33Z,SUCCEEDED,11.328,0.609,0.590
u-ch427-n216-false-ens6,247.354,113.84,897484,8742,2021-12-16T01:11:41Z,2021-12-16T01:15:58Z,2021-12-16T01:21:12Z,SUCCEEDED,26.952,0.943,0.592
u-ch427-n216-false-ens7,216.479,117.03,897487,51100,2021-12-16T01:11:41Z,2021-12-16T02:55:58Z,2021-12-16T03:01:01Z,SUCCEEDED,12.976,0.613,0.626
u-ch427-n216-false-ens8,233.980,121.28,898411,183432,2021-12-16T11:34:59Z,2021-12-16T14:31:56Z,2021-12-16T14:37:17Z,SUCCEEDED,13.350,0.635,0.612
u-ch427-n216-false-ens9,243.196,128.95,898413,102956,2021-12-16T11:35:05Z,2021-12-16T19:25:49Z,2021-12-16T19:31:23Z,SUCCEEDED,13.019,0.643,0.618
u-ch427-n216-single-ens00,243.196,128.95,902717,217867,2021-12-17T14:32:02Z,2021-12-17T14:33:00Z,2021-12-17T14:35:21Z,SUCCEEDED,13.019,0.643,0.618
u-ch427-n216-single-ens01,123.161,38.76,902720,75882,2021-12-17T14:32:11Z,2021-12-17T14:33:00Z,2021-12-17T14:35:22Z,SUCCEEDED,9.063,0.591,0.569
u-ch427-n216-single-ens02,177.601,68.23,902722,162877,2021-12-17T14:32:19Z,2021-12-17T14:45:02Z,2021-12-17T14:48:39Z,SUCCEEDED,12.026,0.617,0.585
u-ch427-n216-single-ens03,173.671,83.50,902724,182451,2021-12-17T14:32:22Z,2021-12-17T15:06:00Z,2021-12-17T15:09:34Z,SUCCEEDED,11.108,0.598,0.597
u-ch427-n216-single-ens04,185.932,92.72,902718,182858,2021-12-17T14:32:07Z,2021-12-17T14:33:00Z,2021-12-17T14:36:49Z,SUCCEEDED,11.731,0.614,0.595
u-ch427-n216-single-ens05,213.536,108.87,902721,136372,2021-12-17T14:32:18Z,2021-12-17T15:00:59Z,2021-12-17T15:05:36Z,SUCCEEDED,17.621,0.603,0.580
u-ch427-n216-single-ens06,219.278,111.14,902725,106594,2021-12-17T14:32:52Z,2021-12-17T14:52:59Z,2021-12-17T14:57:50Z,SUCCEEDED,22.182,0.623,0.596
u-ch427-n216-single-ens07,220.780,118.04,902727,11731,2021-12-17T14:33:07Z,2021-12-17T14:41:59Z,2021-12-17T14:46:48Z,SUCCEEDED,13.018,0.604,0.598
u-ch427-n216-single-ens08,222.044,120.32,902728,252263,2021-12-17T14:33:15Z,2021-12-17T14:37:58Z,2021-12-17T14:43:07Z,SUCCEEDED,12.435,0.612,0.613
u-ch427-n216-single-ens09,234.622,130.53,902755,5773,2021-12-17T14:43:26Z,2021-12-17T14:48:00Z,2021-12-17T14:53:27Z,SUCCEEDED,12.766,0.651,0.617
u-ch427-n216-single-ens10,244.286,138.05,902731,51889,2021-12-17T14:33:31Z,2021-12-17T14:46:01Z,2021-12-17T14:51:54Z,SUCCEEDED,12.818,0.633,0.619
u-ch427-n216-single-ens11,248.690,140.79,902756,76292,2021-12-17T14:43:42Z,2021-12-17T14:53:56Z,2021-12-17T14:59:55Z,SUCCEEDED,12.793,0.646,0.620
u-ch427-n216-single-ens12,251.467,139.27,902794,146003,2021-12-17T14:53:50Z,2021-12-17T15:39:56Z,2021-12-17T15:46:02Z,SUCCEEDED,13.166,0.618,0.616
u-ch427-n216-single-ens13,268.925,154.11,902795,25391,2021-12-17T14:54:10Z,2021-12-17T15:23:56Z,2021-12-17T15:30:40Z,SUCCEEDED,14.881,0.637,0.628
u-ch427-n216-single-ens14,271.575,152.54,902797,206056,2021-12-17T14:54:15Z,2021-12-17T15:46:57Z,2021-12-17T15:53:48Z,SUCCEEDED,13.644,0.679,0.609
u-ch427-n216-single-ens15,287.261,160.41,903018,258979,2021-12-17T16:04:52Z,2021-12-17T16:06:00Z,2021-12-17T16:13:05Z,SUCCEEDED,17.990,0.675,0.628
u-ch427-n216-single-ens16,297.097,173.22,902799,70003,2021-12-17T14:54:30Z,2021-12-17T15:16:00Z,2021-12-17T15:23:16Z,SUCCEEDED,16.786,0.631,0.620
u-ch427-n216-single-ens17,286.361,162.60,902800,149045,2021-12-17T14:54:33Z,2021-12-17T15:31:56Z,2021-12-17T15:39:23Z,SUCCEEDED,13.673,0.766,0.625
u-ch427-n216-single-ens18,312.841,180.60,905679,170354,2021-12-18T22:16:48Z,2021-12-18T23:35:56Z,2021-12-18T23:43:52Z,SUCCEEDED,20.509,0.728,0.616
u-ch427-n512-ens0,312.841,180.60,892122,12320,2021-12-14T15:26:06Z,2021-12-14T16:01:48Z,2021-12-14T17:26:38Z,SUCCEEDED,20.509,0.728,0.616
u-ch427-n512-ens1,5077.398,94.06,892966,132999,2021-12-14T18:56:25Z,2021-12-14T19:41:20Z,2021-12-14T21:07:02Z,SUCCEEDED,153.837,34.729,34.347
u-ch427-n512-ens10,5560.837,246.16,892955,181648,2021-12-14T18:55:21Z,2021-12-15T08:06:48Z,2021-12-15T09:41:54Z,SUCCEEDED,160.048,38.364,36.124
u-ch427-n512-ens11,5663.911,254.65,892953,63277,2021-12-14T18:54:58Z,2021-12-15T07:48:48Z,2021-12-15T09:25:43Z,SUCCEEDED,159.374,37.916,37.280
u-ch427-n512-ens12,5705.719,267.82,892346,249383,2021-12-14T16:03:06Z,2021-12-15T06:09:50Z,2021-12-15T07:47:58Z,SUCCEEDED,164.108,43.107,36.824
u-ch427-n512-ens13,5794.890,286.27,900850,73110,2021-12-17T01:26:07Z,2021-12-17T10:00:48Z,2021-12-17T11:40:35Z,SUCCEEDED,162.175,37.943,38.695
u-ch427-n512-ens14,5736.428,290.65,892370,34562,2021-12-14T16:03:23Z,2021-12-15T02:45:20Z,2021-12-15T04:24:27Z,SUCCEEDED,171.416,37.211,36.848
u-ch427-n512-ens15,5711.982,304.15,892371,83186,2021-12-14T16:03:34Z,2021-12-15T04:25:50Z,2021-12-15T06:04:42Z,SUCCEEDED,161.044,36.892,35.844
u-ch427-n512-ens16,5808.684,331.64,892373,175252,2021-12-14T16:03:47Z,2021-12-15T04:27:48Z,2021-12-15T06:08:50Z,SUCCEEDED,166.384,38.180,37.436
u-ch427-n512-ens17,5908.236,332.20,892375,20666,2021-12-14T16:03:57Z,2021-12-14T18:54:24Z,2021-12-14T20:37:27Z,SUCCEEDED,165.727,37.524,37.276
u-ch427-n512-ens18,5822.783,350.54,892376,100432,2021-12-14T16:04:06Z,2021-12-15T02:45:21Z,2021-12-15T04:26:46Z,SUCCEEDED,164.635,40.613,38.096
u-ch427-n512-ens2,5535.404,236.97,892965,259522,2021-12-14T18:56:17Z,2021-12-14T19:34:25Z,2021-12-14T21:07:54Z,SUCCEEDED,158.308,36.425,36.032
u-ch427-n512-ens3,5291.887,148.57,892964,57833,2021-12-14T18:56:09Z,2021-12-14T19:31:23Z,2021-12-14T21:00:48Z,SUCCEEDED,158.904,35.725,35.787
u-ch427-n512-ens4,5394.268,161.36,892962,221027,2021-12-14T18:56:03Z,2021-12-14T21:36:31Z,2021-12-14T23:08:03Z,SUCCEEDED,158.487,36.759,37.680
u-ch427-n512-ens5,5574.039,172.92,892961,117851,2021-12-14T18:55:51Z,2021-12-14T21:01:31Z,2021-12-14T22:36:07Z,SUCCEEDED,161.712,39.530,38.365
u-ch427-n512-ens6,5678.760,251.09,892959,35734,2021-12-14T18:55:45Z,2021-12-15T09:26:48Z,2021-12-15T11:03:07Z,SUCCEEDED,163.953,37.205,36.956
u-ch427-n512-ens7,5629.767,255.30,892958,137430,2021-12-14T18:55:38Z,2021-12-15T09:26:48Z,2021-12-15T11:02:21Z,SUCCEEDED,159.118,38.348,35.444
u-ch427-n512-ens8,5635.051,206.36,892957,168045,2021-12-14T18:55:32Z,2021-12-15T06:16:48Z,2021-12-15T07:53:07Z,SUCCEEDED,161.831,39.826,37.437
u-ch427-n512-ens9,5715.780,227.91,892956,247592,2021-12-14T18:55:26Z,2021-12-15T08:12:47Z,2021-12-15T09:50:06Z,SUCCEEDED,161.474,40.783,37.980
u-ch427-n512-false-ens0,5715.780,227.91,897176,194443,2021-12-15T22:19:43Z,2021-12-15T22:20:56Z,2021-12-15T23:44:11Z,SUCCEEDED,161.474,40.783,37.980
u-ch427-n512-false-ens1,5032.279,93.51,897498,53520,2021-12-16T01:12:03Z,2021-12-16T01:12:59Z,2021-12-16T02:37:35Z,SUCCEEDED,156.238,35.260,33.016
u-ch427-n512-false-ens10,5624.746,234.77,898418,247595,2021-12-16T11:35:20Z,2021-12-17T03:12:35Z,2021-12-17T04:48:27Z,SUCCEEDED,161.204,40.335,36.161
u-ch427-n512-false-ens11,5580.588,246.13,898424,150615,2021-12-16T11:35:33Z,2021-12-17T02:49:34Z,2021-12-17T04:25:05Z,SUCCEEDED,159.073,36.604,36.976
u-ch427-n512-false-ens12,5677.356,269.61,898427,146912,2021-12-16T11:35:38Z,2021-12-17T01:12:49Z,2021-12-17T02:50:00Z,SUCCEEDED,158.496,37.334,36.277
u-ch427-n512-false-ens13,5736.086,289.66,898422,259609,2021-12-16T11:35:29Z,2021-12-17T01:10:34Z,2021-12-17T02:49:04Z,SUCCEEDED,162.988,37.667,37.695
u-ch427-n512-false-ens14,5715.508,292.99,897509,75681,2021-12-16T01:12:09Z,2021-12-16T01:21:58Z,2021-12-16T03:00:33Z,SUCCEEDED,160.172,40.308,36.590
u-ch427-n512-false-ens15,5805.952,304.02,900851,87271,2021-12-17T01:28:02Z,2021-12-18T01:10:34Z,2021-12-18T02:50:41Z,SUCCEEDED,169.123,38.733,36.920
u-ch427-n512-false-ens16,5854.737,324.96,898431,134948,2021-12-16T11:35:40Z,2021-12-16T23:20:51Z,2021-12-17T01:01:33Z,SUCCEEDED,163.834,39.960,37.420
u-ch427-n512-false-ens17,5788.561,381.95,898433,217624,2021-12-16T11:35:47Z,2021-12-16T23:21:48Z,2021-12-17T01:02:30Z,SUCCEEDED,163.540,36.860,37.028
u-ch427-n512-false-ens18,5862.558,347.03,897514,132861,2021-12-16T01:12:09Z,2021-12-16T01:12:58Z,2021-12-16T02:55:01Z,SUCCEEDED,163.170,44.694,43.188
u-ch427-n512-false-ens2,5266.606,130.61,898426,111603,2021-12-16T11:35:36Z,2021-12-16T14:44:56Z,2021-12-16T16:13:31Z,SUCCEEDED,156.820,35.990,34.672
u-ch427-n512-false-ens3,5394.519,153.04,898421,187166,2021-12-16T11:35:28Z,2021-12-16T18:30:51Z,2021-12-16T20:01:57Z,SUCCEEDED,158.604,36.832,35.676
u-ch427-n512-false-ens4,5442.708,162.34,900852,176960,2021-12-17T01:28:50Z,2021-12-17T03:04:50Z,2021-12-17T04:36:45Z,SUCCEEDED,158.908,36.127,36.552
u-ch427-n512-false-ens5,5503.597,172.24,898425,7510,2021-12-16T11:35:36Z,2021-12-16T20:04:52Z,2021-12-16T21:38:17Z,SUCCEEDED,163.555,38.443,38.256
u-ch427-n512-false-ens6,5506.076,195.11,898420,200279,2021-12-16T11:35:26Z,2021-12-16T19:38:50Z,2021-12-16T21:12:15Z,SUCCEEDED,160.408,39.400,35.557
u-ch427-n512-false-ens7,5542.045,222.47,898417,48469,2021-12-16T11:35:13Z,2021-12-16T21:43:50Z,2021-12-16T23:17:50Z,SUCCEEDED,155.868,36.738,36.680
u-ch427-n512-false-ens8,5612.488,211.24,902503,243575,2021-12-17T14:02:12Z,2021-12-17T15:00:55Z,2021-12-17T16:36:08Z,SUCCEEDED,161.307,39.167,36.856
u-ch427-n512-false-ens9,5529.016,223.40,898430,222453,2021-12-16T11:35:40Z,2021-12-17T04:25:35Z,2021-12-17T05:59:47Z,SUCCEEDED,155.866,37.505,36.832
u-ch427-n512-single-ens00,5529.016,223.40,903894,83200,2021-12-17T20:45:14Z,2021-12-17T22:12:06Z,2021-12-17T23:31:28Z,SUCCEEDED,155.866,37.505,36.832
u-ch427-n512-single-ens01,5161.120,94.25,903890,125357,2021-12-17T20:45:07Z,2021-12-17T21:47:16Z,2021-12-17T23:13:59Z,SUCCEEDED,157.580,34.360,35.831
u-ch427-n512-single-ens02,5094.197,130.51,903887,216039,2021-12-17T20:45:02Z,2021-12-17T22:53:17Z,2021-12-18T00:18:58Z,SUCCEEDED,155.715,37.054,33.852
u-ch427-n512-single-ens03,5457.315,150.50,903241,155750,2021-12-17T16:27:54Z,2021-12-17T22:11:58Z,2021-12-17T23:44:05Z,SUCCEEDED,159.688,36.632,36.688
u-ch427-n512-single-ens04,5529.907,162.49,903242,92255,2021-12-17T16:28:05Z,2021-12-18T04:04:51Z,2021-12-18T05:38:15Z,SUCCEEDED,162.343,38.772,37.797
u-ch427-n512-single-ens05,5474.814,175.28,903243,83777,2021-12-17T16:28:15Z,2021-12-18T06:36:52Z,2021-12-18T08:09:23Z,SUCCEEDED,160.768,36.216,37.154
u-ch427-n512-single-ens06,5514.739,196.42,905680,39401,2021-12-18T22:16:53Z,2021-12-19T18:09:49Z,2021-12-19T19:43:23Z,SUCCEEDED,159.516,38.367,36.913
u-ch427-n512-single-ens07,5574.863,203.03,905683,198742,2021-12-18T22:18:08Z,2021-12-19T19:51:50Z,2021-12-19T21:26:23Z,SUCCEEDED,161.237,35.780,35.911
u-ch427-n512-single-ens08,5618.551,213.38,903249,239586,2021-12-17T16:29:04Z,2021-12-18T20:10:46Z,2021-12-18T21:46:23Z,SUCCEEDED,159.716,39.352,35.268
u-ch427-n512-single-ens09,5582.355,224.57,905681,149456,2021-12-18T22:16:58Z,2021-12-19T21:32:50Z,2021-12-19T23:07:55Z,SUCCEEDED,160.896,37.251,37.260
u-ch427-n512-single-ens10,5596.916,252.73,906761,40078,2021-12-19T23:24:27Z,2021-12-20T00:12:07Z,2021-12-20T01:47:30Z,SUCCEEDED,160.955,42.553,35.969
u-ch427-n512-single-ens11,5742.184,248.21,905684,134336,2021-12-18T22:18:16Z,2021-12-19T21:38:52Z,2021-12-19T23:17:05Z,SUCCEEDED,159.111,41.773,37.208
u-ch427-n512-single-ens12,5819.365,273.25,903286,69829,2021-12-17T16:34:44Z,2021-12-18T20:10:46Z,2021-12-18T21:50:38Z,SUCCEEDED,161.120,45.732,38.932
u-ch427-n512-single-ens13,5812.791,292.59,905682,5195,2021-12-18T22:17:08Z,2021-12-19T19:50:50Z,2021-12-19T21:30:36Z,SUCCEEDED,161.325,37.234,37.104
u-ch427-n512-single-ens14,5812.791,292.59,908683,5195,2021-12-20T16:10:43Z,2021-12-19T19:50:50Z,2021-12-19T21:30:36Z,SUCCEEDED,161.325,37.234,37.104
u-ch427-n512-single-ens15,5824.195,306.10,903289,73040,2021-12-17T16:35:16Z,2021-12-18T18:17:49Z,2021-12-18T19:58:33Z,SUCCEEDED,161.868,37.750,37.893
u-ch427-n512-single-ens16,5866.972,320.47,903290,52949,2021-12-17T16:35:25Z,2021-12-18T18:28:37Z,2021-12-18T20:10:29Z,SUCCEEDED,163.244,43.923,38.994
u-ch427-n512-single-ens17,5862.827,344.88,903291,135546,2021-12-17T16:35:34Z,2021-12-18T15:01:36Z,2021-12-18T16:43:47Z,SUCCEEDED,166.162,38.207,37.979
u-ch427-n512-single-ens18,5918.157,349.22,903292,248630,2021-12-17T16:35:52Z,2021-12-18T16:44:37Z,2021-12-18T18:27:48Z,SUCCEEDED,163.819,45.072,38.368
u-ch427-n96-ens0,5918.157,349.22,889355,11297,2021-12-14T00:52:45Z,2021-12-14T00:52:55Z,2021-12-14T00:54:12Z,SUCCEEDED,163.819,45.072,38.368
u-ch427-n96-ens1,60.925,10.76,891260,71321,2021-12-14T13:57:12Z,2021-12-14T13:57:45Z,2021-12-14T13:59:00Z,SUCCEEDED,8.566,0.364,0.528
u-ch427-n96-ens10,105.521,36.12,891280,190367,2021-12-14T13:58:33Z,2021-12-14T13:58:47Z,2021-12-14T14:01:12Z,SUCCEEDED,19.354,0.425,0.535
u-ch427-n96-ens11,110.101,52.37,891282,184863,2021-12-14T13:58:50Z,2021-12-14T13:59:47Z,2021-12-14T14:02:18Z,SUCCEEDED,9.585,0.396,0.579
u-ch427-n96-ens12,110.375,53.08,891284,107262,2021-12-14T13:58:57Z,2021-12-14T13:59:47Z,2021-12-14T14:02:18Z,SUCCEEDED,8.418,0.440,0.540
u-ch427-n96-ens13,108.643,51.54,891276,255710,2021-12-14T13:58:04Z,2021-12-14T13:58:47Z,2021-12-14T14:01:19Z,SUCCEEDED,6.805,0.752,0.562
u-ch427-n96-ens14,109.666,52.88,891287,13777,2021-12-14T13:59:11Z,2021-12-14T14:01:45Z,2021-12-14T14:04:18Z,SUCCEEDED,9.726,0.430,0.542
u-ch427-n96-ens15,113.508,41.15,891291,31264,2021-12-14T13:59:21Z,2021-12-14T14:01:45Z,2021-12-14T14:04:39Z,SUCCEEDED,20.245,0.452,0.540
u-ch427-n96-ens16,114.312,54.95,891292,153376,2021-12-14T13:59:29Z,2021-12-14T14:01:45Z,2021-12-14T14:04:40Z,SUCCEEDED,5.128,0.453,0.565
u-ch427-n96-ens17,116.843,55.21,891293,212863,2021-12-14T13:59:43Z,2021-12-14T14:01:45Z,2021-12-14T14:04:44Z,SUCCEEDED,5.181,0.435,0.565
u-ch427-n96-ens18,118.206,58.35,891295,207846,2021-12-14T13:59:51Z,2021-12-14T14:01:45Z,2021-12-14T14:04:47Z,SUCCEEDED,5.776,0.414,0.566
u-ch427-n96-ens2,60.130,11.96,891266,90934,2021-12-14T13:57:18Z,2021-12-14T13:57:45Z,2021-12-14T13:59:00Z,SUCCEEDED,6.426,0.369,0.530
u-ch427-n96-ens3,61.353,14.68,891267,92001,2021-12-14T13:57:23Z,2021-12-14T13:57:45Z,2021-12-14T13:59:01Z,SUCCEEDED,4.820,0.367,0.545
u-ch427-n96-ens4,61.821,15.04,891268,196809,2021-12-14T13:57:28Z,2021-12-14T13:57:45Z,2021-12-14T13:59:06Z,SUCCEEDED,4.222,0.390,0.554
u-ch427-n96-ens5,85.111,30.51,891269,223604,2021-12-14T13:57:36Z,2021-12-14T13:58:46Z,2021-12-14T14:00:47Z,SUCCEEDED,8.406,0.414,0.538
u-ch427-n96-ens6,84.861,31.56,891271,196021,2021-12-14T13:57:38Z,2021-12-14T13:58:47Z,2021-12-14T14:00:51Z,SUCCEEDED,4.707,0.369,0.556
u-ch427-n96-ens7,84.797,32.36,891272,175756,2021-12-14T13:57:43Z,2021-12-14T13:58:46Z,2021-12-14T14:00:49Z,SUCCEEDED,4.964,0.444,0.559
u-ch427-n96-ens8,86.212,33.18,891274,144621,2021-12-14T13:57:51Z,2021-12-14T13:58:47Z,2021-12-14T14:00:49Z,SUCCEEDED,4.501,0.481,0.536
u-ch427-n96-ens9,88.644,34.89,891275,256357,2021-12-14T13:57:56Z,2021-12-14T13:58:46Z,2021-12-14T14:00:54Z,SUCCEEDED,5.087,0.397,0.558
u-ch427-n96-false-ens0,88.644,34.89,894997,225929,2021-12-15T12:59:56Z,2021-12-15T13:00:53Z,2021-12-15T13:02:10Z,SUCCEEDED,5.087,0.397,0.558
u-ch427-n96-false-ens1,59.241,10.74,895065,169003,2021-12-15T13:12:58Z,2021-12-15T13:13:56Z,2021-12-15T13:15:12Z,SUCCEEDED,7.176,0.365,0.526
u-ch427-n96-false-ens10,107.587,36.21,895100,114746,2021-12-15T13:16:39Z,2021-12-15T13:16:53Z,2021-12-15T13:19:22Z,SUCCEEDED,23.204,0.429,0.534
u-ch427-n96-false-ens11,105.190,51.91,895101,224182,2021-12-15T13:16:41Z,2021-12-15T13:17:55Z,2021-12-15T13:20:22Z,SUCCEEDED,7.756,0.379,0.560
u-ch427-n96-false-ens12,108.812,53.07,895104,176870,2021-12-15T13:16:41Z,2021-12-15T13:19:55Z,2021-12-15T13:22:25Z,SUCCEEDED,8.043,0.420,0.542
u-ch427-n96-false-ens13,108.900,54.72,895105,76791,2021-12-15T13:16:41Z,2021-12-15T13:20:56Z,2021-12-15T13:23:30Z,SUCCEEDED,7.764,0.380,0.572
u-ch427-n96-false-ens14,108.927,54.66,895102,18881,2021-12-15T13:16:41Z,2021-12-15T13:19:55Z,2021-12-15T13:22:27Z,SUCCEEDED,5.514,0.422,0.554
u-ch427-n96-false-ens15,111.162,53.58,895103,152385,2021-12-15T13:16:41Z,2021-12-15T13:19:55Z,2021-12-15T13:22:43Z,SUCCEEDED,10.254,0.425,0.544
u-ch427-n96-false-ens16,113.882,51.60,895107,49217,2021-12-15T13:16:43Z,2021-12-15T13:23:53Z,2021-12-15T13:26:51Z,SUCCEEDED,11.003,0.413,0.566
u-ch427-n96-false-ens17,112.491,56.08,895106,36660,2021-12-15T13:16:41Z,2021-12-15T13:22:54Z,2021-12-15T13:25:50Z,SUCCEEDED,8.303,0.383,0.567
u-ch427-n96-false-ens18,115.009,57.12,895108,170153,2021-12-15T13:16:43Z,2021-12-15T13:23:53Z,2021-12-15T13:26:51Z,SUCCEEDED,5.265,0.529,0.543
u-ch427-n96-false-ens2,62.778,12.73,895092,19895,2021-12-15T13:16:36Z,2021-12-15T13:16:53Z,2021-12-15T13:18:13Z,SUCCEEDED,7.982,0.388,0.533
u-ch427-n96-false-ens3,61.822,13.71,895093,160221,2021-12-15T13:16:37Z,2021-12-15T13:16:53Z,2021-12-15T13:18:13Z,SUCCEEDED,5.840,0.391,0.530
u-ch427-n96-false-ens4,62.090,14.82,895096,164319,2021-12-15T13:16:38Z,2021-12-15T13:16:53Z,2021-12-15T13:18:13Z,SUCCEEDED,4.490,0.463,0.547
u-ch427-n96-false-ens5,81.152,30.62,895094,113954,2021-12-15T13:16:37Z,2021-12-15T13:16:53Z,2021-12-15T13:18:51Z,SUCCEEDED,7.819,0.413,0.531
u-ch427-n96-false-ens6,81.119,31.64,895095,135382,2021-12-15T13:16:38Z,2021-12-15T13:16:53Z,2021-12-15T13:18:52Z,SUCCEEDED,6.222,0.593,0.561
u-ch427-n96-false-ens7,85.133,32.41,895097,15158,2021-12-15T13:16:38Z,2021-12-15T13:16:55Z,2021-12-15T13:18:58Z,SUCCEEDED,7.497,0.374,0.542
u-ch427-n96-false-ens8,84.971,33.93,895098,172556,2021-12-15T13:16:38Z,2021-12-15T13:16:55Z,2021-12-15T13:18:58Z,SUCCEEDED,4.846,0.417,0.559
u-ch427-n96-false-ens9,88.873,35.75,895099,261421,2021-12-15T13:16:38Z,2021-12-15T13:16:53Z,2021-12-15T13:19:03Z,SUCCEEDED,5.289,0.426,0.541
u-ch427-n96-single-ens00,88.873,35.75,897850,91267,2021-12-16T03:38:08Z,2021-12-16T03:38:56Z,2021-12-16T03:40:12Z,SUCCEEDED,5.289,0.426,0.541
u-ch427-n96-single-ens01,57.034,9.79,898950,245844,2021-12-16T14:08:47Z,2021-12-16T14:17:09Z,2021-12-16T14:18:20Z,SUCCEEDED,5.083,0.365,0.543
u-ch427-n96-single-ens02,58.289,12.14,898951,179422,2021-12-16T14:08:47Z,2021-12-16T14:17:08Z,2021-12-16T14:18:21Z,SUCCEEDED,3.723,0.390,0.528
u-ch427-n96-single-ens03,67.679,14.96,898948,111225,2021-12-16T14:08:47Z,2021-12-16T14:10:11Z,2021-12-16T14:11:34Z,SUCCEEDED,8.451,0.372,0.564
u-ch427-n96-single-ens04,61.927,14.68,898949,160183,2021-12-16T14:08:47Z,2021-12-16T14:17:09Z,2021-12-16T14:18:28Z,SUCCEEDED,4.094,0.415,0.519
u-ch427-n96-single-ens05,81.213,29.98,898958,191104,2021-12-16T14:08:49Z,2021-12-16T14:17:04Z,2021-12-16T14:18:59Z,SUCCEEDED,7.255,0.361,0.548
u-ch427-n96-single-ens06,85.188,32.07,898952,174039,2021-12-16T14:08:49Z,2021-12-16T14:13:59Z,2021-12-16T14:16:02Z,SUCCEEDED,7.321,0.370,0.548
u-ch427-n96-single-ens07,84.741,33.01,898957,102557,2021-12-16T14:08:49Z,2021-12-16T14:17:04Z,2021-12-16T14:19:04Z,SUCCEEDED,5.314,0.376,0.559
u-ch427-n96-single-ens08,88.953,33.70,898955,188845,2021-12-16T14:08:49Z,2021-12-16T14:16:04Z,2021-12-16T14:18:11Z,SUCCEEDED,7.406,0.400,0.557
u-ch427-n96-single-ens09,90.673,35.75,898953,252079,2021-12-16T14:08:49Z,2021-12-16T14:13:59Z,2021-12-16T14:16:10Z,SUCCEEDED,5.660,0.419,0.544
u-ch427-n96-single-ens10,104.246,35.96,898954,214928,2021-12-16T14:08:49Z,2021-12-16T14:16:03Z,2021-12-16T14:18:29Z,SUCCEEDED,19.578,0.390,0.560
u-ch427-n96-single-ens11,104.874,37.30,898956,122452,2021-12-16T14:08:49Z,2021-12-16T14:16:03Z,2021-12-16T14:18:30Z,SUCCEEDED,18.609,0.431,0.541
u-ch427-n96-single-ens12,112.035,37.75,898959,260084,2021-12-16T14:08:52Z,2021-12-16T14:22:01Z,2021-12-16T14:24:36Z,SUCCEEDED,22.865,0.373,0.556
u-ch427-n96-single-ens13,114.319,53.25,898960,14046,2021-12-16T14:08:52Z,2021-12-16T14:41:03Z,2021-12-16T14:43:38Z,SUCCEEDED,7.676,0.430,0.542
u-ch427-n96-single-ens14,115.331,53.94,899003,197074,2021-12-16T14:22:57Z,2021-12-16T14:59:01Z,2021-12-16T15:01:40Z,SUCCEEDED,7.692,0.392,0.570
u-ch427-n96-single-ens15,116.731,55.44,899002,26861,2021-12-16T14:22:44Z,2021-12-16T15:25:00Z,2021-12-16T15:27:58Z,SUCCEEDED,7.364,0.444,0.548
u-ch427-n96-single-ens16,119.325,55.50,899000,215268,2021-12-16T14:22:35Z,2021-12-16T15:04:05Z,2021-12-16T15:07:06Z,SUCCEEDED,8.875,0.382,0.571
u-ch427-n96-single-ens17,122.913,58.02,898961,201061,2021-12-16T14:08:59Z,2021-12-16T14:10:09Z,2021-12-16T14:13:13Z,SUCCEEDED,8.253,0.437,0.547
u-ch427-n96-single-ens18,121.968,56.79,898962,217175,2021-12-16T14:09:00Z,2021-12-16T15:45:56Z,2021-12-16T15:49:04Z,SUCCEEDED,7.818,0.381,0.569
xml.sh,121.968,56.79,898962,217175,2021-12-16T14:09:00Z,2021-12-16T15:45:56Z,2021-12-16T15:49:04Z,SUCCEEDED,7.818,0.381,0.569
