SUITE,TIME,INITIAL,TIME-INITIAL,TIME-INITIAL-TOOK1,ENSEMBLE,RESOLUTION,NODES,JOB_SUBMIT_TIME,JOB_INIT_TIME,JOB_EXIT_TIME,JOB_STATUS,JOB_ID,JOB_PID,TOOK
final-total-all-suites.csv,,,,,,,,,,,,,,
max18,,,,,,,,,,,,,,
max25,,,,,,,,,,,,,,
mean,,,,,,,,,,,,,,
ms,,,,,,,,,,,,,,
n1280,,,,,,,,,,,,,,
n216-ens,,,,,,,,,,,,,,
n216-paper,,,,,,,,,,,,,,
n512-ens,,,,,,,,,,,,,,
n512-paper,,,,,,,,,,,,,,
n96-ens,,,,,,,,,,,,,,
n96-paper,,,,,,,,,,,,,,
old-xml-scripts,,,,,,,,,,,,,,
paper-pack,,,,,,,,,,,,,,
scripts,,,,,,,,,,,,,,
server,,,,,,,,,,,,,,
stdev,,,,,,,,,,,,,,
test,,,,,,,,,,,,,,
total,,,,,,,,,,,,,,
u-ch427-grenville,,,,,,,,,,,,,,
u-ch427-n216-start-paper-00, 127.404 ,39.84,,,0,,22,2022-06-23T13:02:58Z,2022-06-23T13:04:24Z,2022-06-23T13:06:49Z,SUCCEEDED,1900933,216948,0.865
u-ch427-n216-start-paper-01, 170.074 ,41.85,,,1,,22,2022-06-23T13:00:55Z,2022-06-23T13:03:35Z,2022-06-23T13:06:42Z,SUCCEEDED,1900925,162692,1.104
u-ch427-n216-start-paper-02, 180.493 ,53.20,,,2,,36,2022-06-23T13:01:18Z,2022-06-23T13:03:35Z,2022-06-23T13:07:17Z,SUCCEEDED,1900927,136423,1.111
u-ch427-n216-start-paper-03, 179.258 ,53.11,,,3,,50,2022-06-23T13:01:39Z,2022-06-23T13:03:35Z,2022-06-23T13:07:20Z,SUCCEEDED,1900928,28555,1.149
u-ch427-n216-start-paper-04, 176.097 ,52.61,,,4,,64,2022-06-21T22:41:29Z,2022-06-21T23:46:58Z,2022-06-21T23:50:43Z,SUCCEEDED,1890494,83960,1.148
u-ch427-n216-start-paper-05, 172.669 ,54.62,,,5,,78,2022-06-21T22:37:06Z,2022-06-21T22:54:29Z,2022-06-21T22:58:35Z,SUCCEEDED,1890480,224632,1.593
u-ch427-n216-start-paper-06, 187.888 ,58.94,,,6,,92,2022-06-21T22:27:19Z,2022-06-21T23:48:30Z,2022-06-21T23:52:59Z,SUCCEEDED,1890463,84128,1.248
u-ch427-n216-start-paper-07, 183.668 ,62.25,,,7,,106,2022-06-21T22:38:02Z,2022-06-21T23:51:41Z,2022-06-21T23:56:03Z,SUCCEEDED,1890482,141623,1.258
u-ch427-n216-start-paper-08, 183.346 ,65.05,,,8,,120,2022-06-21T23:08:46Z,2022-06-22T00:01:05Z,2022-06-22T00:05:51Z,SUCCEEDED,1890600,167818,1.311
u-ch427-n216-start-paper-09, 180.339 ,65.15,,,9,,134,2022-06-21T22:39:13Z,2022-06-21T23:35:08Z,2022-06-21T23:39:52Z,SUCCEEDED,1890485,227289,1.281
u-ch427-n216-start-paper-10, 191.793 ,70.39,,,10,,148,2022-06-21T22:39:57Z,2022-06-21T23:41:38Z,2022-06-21T23:46:57Z,SUCCEEDED,1890490,25378,1.410
u-ch427-n216-start-paper-11, 196.748 ,77.03,,,11,,162,2022-06-21T23:10:17Z,2022-06-21T23:54:44Z,2022-06-22T00:00:11Z,SUCCEEDED,1890613,135370,1.463
u-ch427-n216-start-paper-12, 199.896 ,75.00,,,12,,176,2022-06-21T23:40:51Z,2022-06-22T00:06:24Z,2022-06-22T00:11:58Z,SUCCEEDED,1890714,225911,1.417
u-ch427-n216-start-paper-13, 199.437 ,76.74,,,13,,190,2022-06-27T12:05:47Z,2022-06-28T01:03:26Z,2022-06-28T01:09:21Z,SUCCEEDED,1922006,113600,1.585
u-ch427-n216-start-paper-14, 214.416 ,78.59,,,14,,204,2022-06-23T13:04:26Z,2022-06-23T13:12:26Z,2022-06-23T13:18:43Z,SUCCEEDED,1900940,89825,2.555
u-ch427-n216-start-paper-15, 221.639 ,80.38,,,15,,218,2022-06-23T13:04:44Z,2022-06-23T13:31:27Z,2022-06-23T13:37:51Z,SUCCEEDED,1900942,208561,2.670
u-ch427-n216-start-paper-16, 231.499 ,75.18,,,16,,232,2022-06-23T13:05:06Z,2022-06-23T13:23:26Z,2022-06-23T13:30:26Z,SUCCEEDED,1900944,149457,3.535
u-ch427-n216-start-paper-17, 255.774 ,94.38,,,17,,246,2022-06-23T13:05:26Z,2022-06-23T15:50:00Z,2022-06-23T15:57:26Z,SUCCEEDED,1900946,147066,1.627
u-ch427-n216-start-paper-18, 276.618 ,99.63,,,18,,260,2022-06-23T13:06:55Z,2022-06-23T15:58:35Z,2022-06-23T16:06:43Z,SUCCEEDED,1900970,205551,4.115
u-ch427-n216-start-paper-19, 278.530 ,96.49,,,19,,274,2022-06-23T13:07:11Z,2022-06-23T16:00:16Z,2022-06-23T16:08:47Z,SUCCEEDED,1900971,227724,5.008
u-ch427-n216-start-paper-20, 307.549 ,100.88,,,20,,288,2022-06-23T15:05:19Z,2022-06-23T16:05:05Z,2022-06-23T16:14:04Z,SUCCEEDED,1901941,26275,5.508
u-ch427-n216-start-paper-21, 323.235 ,102.21,,,21,,302,2022-06-23T15:05:44Z,2022-06-23T16:07:27Z,2022-06-23T16:16:55Z,SUCCEEDED,1901943,33330,5.060
u-ch427-n216-start-paper-22, 324.155 ,126.99,,,22,,316,2022-06-23T15:06:17Z,2022-06-23T16:09:38Z,2022-06-23T16:19:20Z,SUCCEEDED,1901948,64394,6.623
u-ch427-n216-start-paper-23, 310.288 ,107.42,,,23,,330,2022-06-24T13:04:44Z,2022-06-25T03:08:34Z,2022-06-25T03:18:06Z,SUCCEEDED,1907903,211410,7.270
u-ch427-n216-start-paper-24, 328.412 ,119.12,,,24,,344,2022-06-24T13:05:12Z,2022-06-25T01:17:58Z,2022-06-25T01:27:24Z,SUCCEEDED,1907912,209698,6.321
u-ch427-n216-start-paper-25, 377.625 ,122.52,,,25,,358,2022-06-23T23:55:27Z,2022-06-24T00:35:15Z,2022-06-24T00:45:55Z,SUCCEEDED,1905209,162435,8.398
u-ch427-n216-start-paper-26, 407.449 ,184.11,,,26,,372,2022-06-23T23:54:36Z,2022-06-24T00:57:35Z,2022-06-24T01:08:54Z,SUCCEEDED,1905208,44567,8.784
u-ch427-n216-start-paper-27, 357.736 ,126.60,,,27,,386,2022-06-23T23:54:05Z,2022-06-24T00:46:38Z,2022-06-24T00:57:28Z,SUCCEEDED,1905206,244950,9.594
u-ch427-n216-start-paper-28, 369.292 ,128.43,,,28,,400,2022-06-24T13:06:23Z,2022-06-25T01:01:08Z,2022-06-25T01:12:13Z,SUCCEEDED,1907925,30654,7.720
u-ch427-n216-start-paper-29, 373.064 ,123.44,,,29,,414,2022-06-24T13:06:37Z,2022-06-25T02:56:09Z,2022-06-25T03:07:43Z,SUCCEEDED,1907927,206672,8.387
u-ch427-n216-start-paper-30, 378.810 ,122.50,,,30,,428,2022-06-24T13:06:31Z,2022-06-25T02:42:56Z,2022-06-25T02:55:01Z,SUCCEEDED,1907926,144718,11.141
u-ch427-n216-start-paper-50, 864.219 ,185.11,,,50,,708,2022-06-15T00:39:49Z,2022-06-15T07:08:04Z,2022-06-15T07:32:36Z,SUCCEEDED,1822194,105470,8.241
u-ch427-n216-start-paper-ms-00, 129.285 ,40.24,,,0,,22,2022-06-26T22:22:00Z,2022-06-26T22:39:49Z,2022-06-26T22:42:16Z,SUCCEEDED,1918454,240077,0.872
u-ch427-n216-start-paper-ms-x0-prec-00, 128.370 ,40.56,,,0,,22,2022-06-25T05:33:49Z,2022-06-25T05:34:09Z,2022-06-25T05:36:31Z,SUCCEEDED,1911203,20290,0.867
u-ch427-n216-start-paper-ms-x0-prec-01, 153.003 ,41.52,,,1,,22,2022-06-25T05:33:59Z,2022-06-25T05:34:54Z,2022-06-25T05:37:57Z,SUCCEEDED,1911204,24095,1.174
u-ch427-n216-start-paper-ms-x0-prec-02, 172.621 ,55.09,,,2,,36,2022-06-25T05:34:14Z,2022-06-25T05:34:54Z,2022-06-25T05:38:50Z,SUCCEEDED,1911205,169304,1.322
u-ch427-n216-start-paper-ms-x0-prec-03, 176.424 ,55.68,,,3,,50,2022-06-25T05:34:28Z,2022-06-25T05:34:54Z,2022-06-25T05:38:58Z,SUCCEEDED,1911206,87932,2.366
u-ch427-n216-start-paper-ms-x0-prec-04, 190.683 ,55.54,,,4,,64,2022-06-25T08:34:49Z,2022-06-25T08:51:00Z,2022-06-25T08:55:23Z,SUCCEEDED,1911721,249940,1.499
u-ch427-n216-start-paper-ms-x0-prec-05, 209.087 ,59.78,,,5,,78,2022-06-25T08:35:03Z,2022-06-25T09:05:36Z,2022-06-25T09:10:42Z,SUCCEEDED,1911722,141073,1.831
u-ch427-n216-start-paper-ms-x0-prec-06, 217.576 ,62.46,,,6,,92,2022-06-25T08:35:33Z,2022-06-25T08:41:49Z,2022-06-25T08:47:06Z,SUCCEEDED,1911724,204150,3.102
u-ch427-n216-start-paper-ms-x0-prec-07, 240.503 ,75.07,,,7,,106,2022-06-25T02:36:22Z,2022-06-25T02:58:30Z,2022-06-25T03:04:32Z,SUCCEEDED,1910714,29315,3.902
u-ch427-n216-start-paper-ms-x0-prec-08, 245.734 ,70.31,,,8,,120,2022-06-26T04:48:51Z,2022-06-26T10:02:31Z,2022-06-26T10:08:44Z,SUCCEEDED,1915150,235881,5.725
u-ch427-n216-start-paper-ms-x0-prec-09, 260.664 ,75.73,,,9,,134,2022-06-25T05:37:53Z,2022-06-25T05:38:37Z,2022-06-25T05:45:05Z,SUCCEEDED,1911282,76508,5.329
u-ch427-n216-start-paper-ms-x0-prec-10, 279.987 ,78.82,,,10,,148,2022-06-24T22:27:47Z,2022-06-24T22:48:11Z,2022-06-24T22:55:03Z,SUCCEEDED,1909891,244779,6.305
u-ch427-n216-start-paper-ms-x0-prec-20, 447.506 ,105.58,,,20,,288,2022-06-25T05:38:34Z,2022-06-25T05:45:39Z,2022-06-25T05:57:20Z,SUCCEEDED,1911284,146087,19.568
u-ch427-n216-start-paper-ms-x0-prec-30, 642.116 ,121.58,,,30,,428,2022-06-25T05:39:13Z,2022-06-25T06:11:54Z,2022-06-25T06:29:11Z,SUCCEEDED,1911286,236216,17.737
u-ch427-n216-start-paper-ms-x0-prec-40, 1103.117 ,139.60,,,40,,568,2022-06-26T04:49:00Z,2022-06-27T06:43:56Z,2022-06-27T07:10:38Z,SUCCEEDED,1915151,99167,37.017
u-ch427-n216-start-paper-ms-x0-prec-50, 1571.158 ,171.18,,,50,,708,2022-07-01T11:42:38Z,2022-07-01T11:43:05Z,2022-07-01T12:19:22Z,SUCCEEDED,1943129,19735,42.585
u-ch427-n216-start-paper-ms-x0-prec-60,,,,,60,,848,2022-07-01T13:43:45Z,,,,1943744,,
u-ch427-n216-start-paper-ms-x0-prec-70,,,,,70,,988,2022-07-01T13:42:42Z,,,,1943740,,
u-ch427-n216-start-paper-prec-00, 128.966 ,40.24,,,0,,22,2022-06-26T22:23:02Z,2022-06-26T22:51:54Z,2022-06-26T22:54:17Z,SUCCEEDED,1918458,8993,0.870
u-ch427-n216-start-paper-x0-00, 128.189 ,40.09,,,0,,22,2022-06-15T16:32:12Z,2022-06-15T16:47:52Z,2022-06-15T16:50:16Z,SUCCEEDED,1827203,86824,0.869
u-ch427-n216-start-paper-x0-01, 150.776 ,42.14,,,1,,22,2022-06-22T16:31:37Z,2022-06-22T16:39:59Z,2022-06-22T16:43:00Z,SUCCEEDED,1895444,57046,1.421
u-ch427-n216-start-paper-x0-02, 157.824 ,46.18,,,2,,36,2022-06-22T16:32:05Z,2022-06-22T16:43:55Z,2022-06-22T16:47:29Z,SUCCEEDED,1895447,166211,1.120
u-ch427-n216-start-paper-x0-03, 177.232 ,53.04,,,3,,50,2022-06-22T16:32:39Z,2022-06-22T17:03:38Z,2022-06-22T17:07:31Z,SUCCEEDED,1895452,4268,1.501
u-ch427-n216-start-paper-x0-04, 171.006 ,54.88,,,4,,64,2022-06-22T16:33:09Z,2022-06-22T16:39:09Z,2022-06-22T16:43:09Z,SUCCEEDED,1895453,99988,1.167
u-ch427-n216-start-paper-x0-05, 167.412 ,54.68,,,5,,78,2022-06-22T22:33:40Z,2022-06-22T22:41:02Z,2022-06-22T22:45:12Z,SUCCEEDED,1897335,104000,1.186
u-ch427-n216-start-paper-x0-06, 172.526 ,58.23,,,6,,92,2022-06-22T22:34:18Z,2022-06-22T22:46:15Z,2022-06-22T22:50:31Z,SUCCEEDED,1897352,147762,1.206
u-ch427-n216-start-paper-x0-07, 188.908 ,71.76,,,7,,106,2022-06-22T13:35:14Z,2022-06-22T14:32:44Z,2022-06-22T14:37:21Z,SUCCEEDED,1894048,123945,1.402
u-ch427-n216-start-paper-x0-08, 198.226 ,63.08,,,8,,120,2022-06-22T23:04:58Z,2022-06-22T23:05:16Z,2022-06-22T23:10:26Z,SUCCEEDED,1897403,174133,2.304
u-ch427-n216-start-paper-x0-09, 181.521 ,65.22,,,9,,134,2022-06-27T12:09:06Z,2022-06-28T00:41:27Z,2022-06-28T00:46:22Z,SUCCEEDED,1922027,229223,1.446
u-ch427-n216-start-paper-x0-10, 200.648 ,68.08,,,10,,148,2022-06-27T12:09:25Z,2022-06-28T01:10:21Z,2022-06-28T01:15:59Z,SUCCEEDED,1922028,182962,1.418
u-ch427-n216-start-paper-x0-11,,,,,,,,,,,,,,
u-ch427-n216-start-paper-x0-12,,,,,,,,,,,,,,
u-ch427-n216-start-paper-x0-13,,,,,,,,,,,,,,
u-ch427-n216-start-paper-x0-14,,,,,,,,,,,,,,
u-ch427-n216-start-paper-x0-15,,,,,,,,,,,,,,
u-ch427-n216-start-paper-x0-16,,,,,,,,,,,,,,
u-ch427-n216-start-paper-x0-17,,,,,,,,,,,,,,
u-ch427-n216-start-paper-x0-18,,,,,,,,,,,,,,
u-ch427-n216-start-paper-x0-19,,,,,,,,,,,,,,
u-ch427-n216-start-paper-x0-20, 318.057 ,118.28,,,20,,288,2022-06-22T13:20:49Z,2022-06-22T15:03:46Z,2022-06-22T15:13:00Z,SUCCEEDED,1893954,254779,2.454
u-ch427-n216-start-paper-x0-21, 298.315 ,102.52,,,21,,302,2022-06-22T16:51:40Z,2022-06-22T23:12:55Z,2022-06-22T23:22:07Z,SUCCEEDED,1895539,155375,7.000
u-ch427-n216-start-paper-x0-22,,,,,,,,,,,,,,
u-ch427-n216-start-paper-x0-23,,,,,,,,,,,,,,
u-ch427-n216-start-paper-x0-24,,,,,,,,,,,,,,
u-ch427-n216-start-paper-x0-25, 335.496 ,110.12,,,25,,358,2022-06-22T16:56:46Z,2022-06-22T21:13:11Z,2022-06-22T21:23:57Z,SUCCEEDED,1895561,152231,9.841
u-ch427-n216-start-paper-x0-26,,,,,,,,,,,,,,
u-ch427-n216-start-paper-x0-27,,,,,,,,,,,,,,
u-ch427-n216-start-paper-x0-28,,,,,,,,,,,,,,
u-ch427-n216-start-paper-x0-29,,,,,,,,,,,,,,
u-ch427-n216-start-paper-x0-30, 384.009 ,120.49,,,30,,428,2022-06-27T12:11:07Z,2022-06-28T05:56:42Z,2022-06-28T06:09:30Z,SUCCEEDED,1922033,258199,5.656
u-ch427-n216-start-paper-x0-50, 866.504 ,186.36,,,50,,708,2022-06-15T16:48:11Z,2022-06-16T03:19:29Z,2022-06-16T03:43:33Z,SUCCEEDED,1827271,190169,11.189
u-ch427-n216-start-paper-x0-prec-00, 128.738 ,40.13,,,0,,22,2022-06-26T22:24:06Z,2022-06-26T23:29:55Z,2022-06-26T23:32:18Z,SUCCEEDED,1918504,74087,0.865
u-ch427-n216-template-start-00, 143.368 ,49.85,,,1,,22,2022-02-14T20:27:09Z,2022-02-14T20:29:41Z,2022-02-14T20:32:24Z,SUCCEEDED,1116068,261759,1.486
u-ch427-n216-template-start-all, 270.224 ,49.88,,,1,,22,2022-02-19T01:35:30Z,2022-02-19T01:35:37Z,2022-02-19T01:41:28Z,SUCCEEDED,1135258,89783,23.174
u-ch427-n216-template-start-all2, 220.823 ,48.69,,,1,,22,2022-02-25T17:23:03Z,2022-02-25T17:23:49Z,2022-02-25T17:27:58Z,SUCCEEDED,1160062,209478,11.635
u-ch427-n216-template-start-paper, 153.971 ,44.88,,,2,,36,2022-06-20T22:52:53Z,2022-06-20T23:04:27Z,2022-06-20T23:07:42Z,SUCCEEDED,1878915,161670,1.110
u-ch427-n216-template-start-paper-00, 155.401 ,46.66,,,2,,36,2022-06-13T18:08:44Z,2022-06-13T18:59:49Z,2022-06-13T19:03:52Z,SUCCEEDED,1814959,143356,1.114
u-ch427-n216-template-start-paper-ms, 180.618 ,59.89,,,2,,36,2022-06-20T22:53:46Z,2022-06-20T23:23:12Z,2022-06-20T23:26:59Z,SUCCEEDED,1878932,260498,1.222
u-ch427-n216-template-start-paper-ms-00, 163.363 ,47.15,,,2,,36,2022-06-18T01:10:08Z,2022-06-18T01:11:05Z,2022-06-18T01:14:36Z,SUCCEEDED,1846939,55510,1.249
u-ch427-n216-template-start-paper-ms-x0-prec-00, 167.666 ,47.39,,,2,,36,2022-06-24T21:03:39Z,2022-06-24T21:04:31Z,2022-06-24T21:08:21Z,SUCCEEDED,1909437,110613,1.217
u-ch427-n216-template-start-paper-prec, 171.526 ,57.59,,,2,,36,2022-06-20T22:53:25Z,2022-06-20T23:23:12Z,2022-06-20T23:26:48Z,SUCCEEDED,1878921,3429,1.191
u-ch427-n216-template-start-paper-prec-00, 151.111 ,43.82,,,2,,36,2022-06-18T14:11:10Z,2022-06-18T15:58:39Z,2022-06-18T16:01:53Z,SUCCEEDED,1859846,7575,1.120
u-ch427-n216-template-start-paper-x0, 154.369 ,45.18,,,2,,36,2022-06-20T22:53:00Z,2022-06-20T23:11:16Z,2022-06-20T23:14:44Z,SUCCEEDED,1878917,188370,1.112
u-ch427-n216-template-start-paper-x-00, 133.124 ,45.33,,,2,,36,2022-06-14T23:41:59Z,2022-06-14T23:42:50Z,2022-06-14T23:45:43Z,SUCCEEDED,1821948,15311,0.866
u-ch427-n216-template-start-paper-x0-00, 168.931 ,45.72,,,2,,36,2022-06-15T00:36:59Z,2022-06-15T02:31:26Z,2022-06-15T02:35:38Z,SUCCEEDED,1822192,187410,1.113
u-ch427-n216-template-start-paper-x0-prec, 171.353 ,59.80,,,2,,36,2022-06-20T22:53:38Z,2022-06-20T23:23:12Z,2022-06-20T23:26:57Z,SUCCEEDED,1878926,37003,1.245
u-ch427-n216-template-start-paper-x0-prec-00, 153.030 ,45.11,,,2,,36,2022-06-18T12:44:42Z,2022-06-18T13:00:30Z,2022-06-18T13:03:54Z,SUCCEEDED,1858027,84518,1.116
u-ch427-n216-template-start-paper-x5, 168.976 ,58.00,,,2,,36,2022-06-20T22:53:14Z,2022-06-20T23:23:12Z,2022-06-20T23:26:56Z,SUCCEEDED,1878920,194028,1.111
u-ch427-n216-template-start-paper-x5-00, 156.413 ,44.76,,,2,,36,2022-06-18T17:11:34Z,2022-06-18T17:42:24Z,2022-06-18T17:45:56Z,SUCCEEDED,1863323,256558,1.214
u-ch427-n512-start-paper-00, 4712.764 ,90.11,,,0,,45,2022-06-26T22:19:54Z,2022-06-27T01:35:57Z,2022-06-27T02:54:49Z,SUCCEEDED,1918451,125303,31.626
u-ch427-n512-start-paper-01, 5433.672 ,105.66,,,1,,45,2022-06-22T00:33:18Z,2022-06-22T00:54:10Z,2022-06-22T02:25:29Z,SUCCEEDED,1890934,110306,37.143
u-ch427-n512-start-paper-02, 5451.687 ,118.62,,,2,,75,2022-06-22T00:33:37Z,2022-06-22T01:22:51Z,2022-06-22T02:54:34Z,SUCCEEDED,1890941,84415,47.437
u-ch427-n512-start-paper-03, 5398.747 ,127.50,,,3,,105,2022-06-22T00:34:02Z,2022-06-22T01:14:13Z,2022-06-22T02:45:08Z,SUCCEEDED,1890947,202951,43.418
u-ch427-n512-start-paper-04, 5467.031 ,140.22,,,4,,135,2022-06-22T00:34:20Z,2022-06-22T07:15:17Z,2022-06-22T08:47:43Z,SUCCEEDED,1890950,85902,36.872
u-ch427-n512-start-paper-05, 5694.591 ,155.88,,,5,,165,2022-06-22T00:34:46Z,2022-06-22T09:22:33Z,2022-06-22T10:58:52Z,SUCCEEDED,1890956,230604,38.510
u-ch427-n512-start-paper-06, 5704.494 ,158.26,,,6,,195,2022-06-22T00:35:10Z,2022-06-22T01:48:13Z,2022-06-22T03:25:04Z,SUCCEEDED,1890963,44430,38.298
u-ch427-n512-start-paper-07, 5746.163 ,167.63,,,7,,225,2022-06-23T01:42:59Z,2022-06-23T04:35:12Z,2022-06-23T06:12:50Z,SUCCEEDED,1897840,113003,52.598
u-ch427-n512-start-paper-08, 5595.767 ,180.63,,,8,,255,2022-06-22T00:36:27Z,2022-06-22T01:56:49Z,2022-06-22T03:32:20Z,SUCCEEDED,1890979,117230,43.565
u-ch427-n512-start-paper-09, 5720.803 ,196.28,,,9,,285,2022-06-22T00:37:02Z,2022-06-22T16:03:41Z,2022-06-22T17:41:42Z,SUCCEEDED,1890982,100329,65.544
u-ch427-n512-start-paper-10, 5733.107 ,202.83,,,10,,315,2022-06-22T00:37:41Z,2022-06-22T02:07:25Z,2022-06-22T03:45:39Z,SUCCEEDED,1890990,153894,44.840
u-ch427-n512-start-paper-11, 5722.088 ,219.05,,,11,,345,2022-06-22T00:37:54Z,2022-06-22T13:35:37Z,2022-06-22T15:13:48Z,SUCCEEDED,1890992,125706,41.312
u-ch427-n512-start-paper-12, 5756.058 ,231.48,,,12,,375,2022-06-22T00:38:07Z,2022-06-22T11:55:24Z,2022-06-22T13:34:34Z,SUCCEEDED,1890994,54074,74.445
u-ch427-n512-start-paper-13, 5859.400 ,239.82,,,13,,405,2022-06-22T00:38:34Z,2022-06-22T13:20:25Z,2022-06-22T15:01:42Z,SUCCEEDED,1890996,178886,85.298
u-ch427-n512-start-paper-14, 5943.774 ,267.57,,,14,,435,2022-06-22T00:38:57Z,2022-06-22T11:30:53Z,2022-06-22T13:13:39Z,SUCCEEDED,1890997,104389,90.598
u-ch427-n512-start-paper-15, 6077.746 ,395.32,,,15,,465,2022-06-23T01:42:06Z,2022-06-23T02:51:57Z,2022-06-23T04:36:44Z,SUCCEEDED,1897837,6813,67.529
u-ch427-n512-start-paper-16, 5805.200 ,273.18,,,16,,495,2022-06-22T00:39:57Z,2022-06-22T08:48:04Z,2022-06-22T10:29:02Z,SUCCEEDED,1891001,62637,72.030
u-ch427-n512-start-paper-17, 5954.024 ,412.87,,,17,,525,2022-06-22T04:51:48Z,2022-06-23T02:50:39Z,2022-06-23T04:34:35Z,SUCCEEDED,1891372,39092,50.127
u-ch427-n512-start-paper-18, 5865.519 ,287.71,,,18,,555,2022-06-22T04:52:23Z,2022-06-23T01:07:18Z,2022-06-23T02:50:06Z,SUCCEEDED,1891374,167129,41.285
u-ch427-n512-start-paper-19, 5900.263 ,301.65,,,19,,585,2022-06-22T04:52:53Z,2022-06-22T23:22:57Z,2022-06-23T01:06:36Z,SUCCEEDED,1891375,93144,41.770
u-ch427-n512-start-paper-20, 5874.903 ,305.32,,,20,,615,2022-06-22T07:53:44Z,2022-06-23T04:37:39Z,2022-06-23T06:21:35Z,SUCCEEDED,1891967,184735,41.785
u-ch427-n512-start-paper-21, 5981.747 ,295.00,,,21,,645,2022-06-22T07:54:10Z,2022-06-23T06:21:55Z,2022-06-23T08:07:51Z,SUCCEEDED,1891970,223492,64.602
u-ch427-n512-start-paper-22, 5941.439 ,307.32,,,22,,675,2022-06-22T10:54:37Z,2022-06-23T11:58:15Z,2022-06-23T13:43:40Z,SUCCEEDED,1892993,103218,42.157
u-ch427-n512-start-paper-23, 5863.304 ,320.99,,,23,,705,2022-06-22T10:55:06Z,2022-06-23T09:59:16Z,2022-06-23T11:43:57Z,SUCCEEDED,1892998,114175,44.910
u-ch427-n512-start-paper-24, 5959.901 ,327.16,,,24,,735,2022-06-23T23:59:00Z,2022-06-25T19:46:21Z,2022-06-25T21:32:11Z,SUCCEEDED,1905215,162001,52.964
u-ch427-n512-start-paper-25, 5966.023 ,350.88,,,25,,765,2022-06-24T13:06:46Z,2022-06-25T23:00:50Z,2022-06-26T00:47:04Z,SUCCEEDED,1907930,258452,55.072
u-ch427-n512-start-paper-26, 6089.615 ,370.69,,,26,,795,2022-06-24T13:06:54Z,2022-07-01T04:19:36Z,2022-07-01T06:08:11Z,SUCCEEDED,1907931,12193,70.447
u-ch427-n512-start-paper-27, 6055.008 ,350.92,,,27,,825,2022-06-22T18:46:45Z,2022-06-23T13:44:14Z,2022-06-23T15:32:51Z,SUCCEEDED,1896191,65562,57.868
u-ch427-n512-start-paper-28, 6115.463 ,377.98,,,28,,855,2022-06-23T23:58:06Z,2022-06-29T05:51:53Z,2022-06-29T07:41:05Z,SUCCEEDED,1905214,77188,42.655
u-ch427-n512-start-paper-29, 6031.446 ,362.72,,,29,,885,2022-06-22T23:13:38Z,2022-06-26T04:26:18Z,2022-06-26T06:14:21Z,SUCCEEDED,1897450,116293,43.638
u-ch427-n512-start-paper-30, 6035.883 ,379.77,,,30,,915,2022-06-22T10:59:07Z,2022-06-23T08:08:41Z,2022-06-23T09:57:27Z,SUCCEEDED,1893024,38196,41.518
u-ch427-n512-start-paper-ms-00, 5831.572 ,120.86,,,2,,75,2022-06-18T18:19:15Z,2022-06-18T22:28:18Z,2022-06-19T00:06:29Z,SUCCEEDED,1864468,252286,41.724
u-ch427-n512-start-paper-ms-x0-prec-00, 4572.771 ,90.80,,,0,,45,2022-06-24T22:57:31Z,2022-06-24T23:02:14Z,2022-06-25T00:18:47Z,SUCCEEDED,1910019,163668,31.004
u-ch427-n512-start-paper-ms-x0-prec-01, 5494.502 ,105.27,,,1,,45,2022-06-27T01:50:01Z,2022-06-27T02:37:52Z,2022-06-27T04:10:24Z,SUCCEEDED,1919121,119394,38.458
u-ch427-n512-start-paper-ms-x0-prec-02, 5384.208 ,120.24,,,2,,75,2022-06-24T22:58:25Z,2022-06-24T23:04:55Z,2022-06-25T00:35:55Z,SUCCEEDED,1910026,145929,37.512
u-ch427-n512-start-paper-ms-x0-prec-03, 5376.855 ,132.56,,,3,,105,2022-06-25T03:10:16Z,2022-06-25T04:40:03Z,2022-06-25T06:11:04Z,SUCCEEDED,1910815,133875,38.700
u-ch427-n512-start-paper-ms-x0-prec-04, 5700.371 ,143.43,,,4,,135,2022-06-25T03:10:31Z,2022-06-25T04:48:04Z,2022-06-25T06:24:49Z,SUCCEEDED,1910817,61204,44.498
u-ch427-n512-start-paper-ms-x0-prec-05, 5693.968 ,152.24,,,5,,165,2022-06-25T00:30:22Z,2022-06-25T00:37:20Z,2022-06-25T02:14:07Z,SUCCEEDED,1910326,48801,39.681
u-ch427-n512-start-paper-ms-x0-prec-06, 5745.389 ,229.99,,,6,,195,2022-06-25T03:11:44Z,2022-06-25T04:21:31Z,2022-06-25T05:59:33Z,SUCCEEDED,1910822,228123,61.456
u-ch427-n512-start-paper-ms-x0-prec-07, 5812.724 ,233.54,,,7,,225,2022-06-25T00:37:12Z,2022-06-25T04:21:31Z,2022-06-25T06:00:48Z,SUCCEEDED,1910344,49934,57.445
u-ch427-n512-start-paper-ms-x0-prec-08, 5773.975 ,189.87,,,8,,255,2022-06-25T00:38:01Z,2022-06-25T03:08:34Z,2022-06-25T04:47:33Z,SUCCEEDED,1910348,7370,45.532
u-ch427-n512-start-paper-ms-x0-prec-09, 5834.195 ,200.39,,,9,,285,2022-06-26T00:34:16Z,2022-06-27T04:23:15Z,2022-06-27T06:03:42Z,SUCCEEDED,1914514,106338,69.428
u-ch427-n512-start-paper-ms-x0-prec-10, 5773.059 ,206.50,,,10,,315,2022-06-26T01:15:51Z,2022-06-27T04:46:33Z,2022-06-27T06:26:22Z,SUCCEEDED,1914644,187561,44.848
u-ch427-n512-start-paper-ms-x0-prec-20, 6460.588 ,317.60,,,20,,615,2022-06-26T01:46:17Z,2022-06-26T14:12:53Z,2022-06-26T16:06:37Z,SUCCEEDED,1914740,15611,76.416
u-ch427-n512-start-paper-ms-x0-prec-30, 6519.332 ,383.30,,,30,,915,2022-06-26T01:46:33Z,2022-07-01T06:41:07Z,2022-07-01T08:38:58Z,SUCCEEDED,1914741,49764,91.782
u-ch427-n512-start-paper-prec-00, 4705.731 ,91.92,,,0,,45,2022-06-26T22:26:13Z,2022-06-27T01:40:43Z,2022-06-27T02:59:31Z,SUCCEEDED,1918579,243659,32.049
u-ch427-n512-start-paper-x0-00, 4922.026 ,91.85,,,0,,45,2022-06-15T14:39:39Z,2022-06-15T14:46:03Z,2022-06-15T16:08:25Z,SUCCEEDED,1826303,49742,34.040
u-ch427-n512-start-paper-x0-01, 5559.363 ,107.37,,,1,,45,2022-06-22T02:29:42Z,2022-06-22T05:43:51Z,2022-06-22T07:18:04Z,SUCCEEDED,1891208,122633,43.956
u-ch427-n512-start-paper-x0-02, 5530.292 ,120.87,,,2,,75,2022-06-22T03:00:13Z,2022-06-22T06:12:37Z,2022-06-22T07:46:21Z,SUCCEEDED,1891249,217930,52.146
u-ch427-n512-start-paper-x0-03, 5542.411 ,130.27,,,3,,105,2022-06-22T03:01:02Z,2022-06-22T06:57:15Z,2022-06-22T08:31:17Z,SUCCEEDED,1891253,142109,52.579
u-ch427-n512-start-paper-x0-04, 5504.882 ,142.46,,,4,,135,2022-06-22T09:01:31Z,2022-06-22T14:32:44Z,2022-06-22T16:06:28Z,SUCCEEDED,1892255,19968,39.176
u-ch427-n512-start-paper-x0-05, 5561.103 ,148.18,,,5,,165,2022-06-22T09:02:14Z,2022-06-22T20:52:06Z,2022-06-22T22:27:11Z,SUCCEEDED,1892257,27484,48.304
u-ch427-n512-start-paper-x0-06, 5652.867 ,171.19,,,6,,195,2022-06-22T09:02:53Z,2022-06-22T12:31:13Z,2022-06-22T14:07:57Z,SUCCEEDED,1892262,58466,56.625
u-ch427-n512-start-paper-x0-07, 5669.923 ,170.05,,,7,,225,2022-06-27T12:12:10Z,2022-06-28T04:04:22Z,2022-06-28T05:41:24Z,SUCCEEDED,1922040,179922,38.991
u-ch427-n512-start-paper-x0-08, 5725.969 ,182.13,,,8,,255,2022-06-27T12:12:20Z,2022-06-29T01:40:58Z,2022-06-29T03:19:22Z,SUCCEEDED,1922043,120662,41.740
u-ch427-n512-start-paper-x0-09, 5645.796 ,188.55,,,9,,285,2022-06-22T15:06:16Z,2022-06-23T01:14:01Z,2022-06-23T02:51:25Z,SUCCEEDED,1894686,116391,44.529
u-ch427-n512-start-paper-x0-10, 5863.511 ,198.29,,,10,,315,2022-06-27T12:17:39Z,2022-06-29T04:08:47Z,2022-06-29T05:49:59Z,SUCCEEDED,1922061,48018,64.829
u-ch427-n512-start-paper-x0-11, 5860.848 ,205.97,,,11,,345,2022-06-22T15:08:30Z,2022-06-22T21:27:20Z,2022-06-22T23:08:29Z,SUCCEEDED,1894699,81796,42.667
u-ch427-n512-start-paper-x0-12,,,,,,,,,,,,,,
u-ch427-n512-start-paper-x0-13,,,,,,,,,,,,,,
u-ch427-n512-start-paper-x0-14,,,,,,,,,,,,,,
u-ch427-n512-start-paper-x0-15,,,,,,,,,,,,,,
u-ch427-n512-start-paper-x0-16,,,,,,,,,,,,,,
u-ch427-n512-start-paper-x0-17,,,,,,,,,,,,,,
u-ch427-n512-start-paper-x0-18,,,,,,,,,,,,,,
u-ch427-n512-start-paper-x0-19,,,,,,,,,,,,,,
u-ch427-n512-start-paper-x0-20,,,,,,,,,,,,,,
u-ch427-n512-start-paper-x0-21,,,,,,,,,,,,,,
u-ch427-n512-start-paper-x0-22,,,,,,,,,,,,,,
u-ch427-n512-start-paper-x0-23,,,,,,,,,,,,,,
u-ch427-n512-start-paper-x0-24,,,,,,,,,,,,,,
u-ch427-n512-start-paper-x0-25,,,,,,,,,,,,,,
u-ch427-n512-start-paper-x0-26,,,,,,,,,,,,,,
u-ch427-n512-start-paper-x0-27,,,,,,,,,,,,,,
u-ch427-n512-start-paper-x0-28,,,,,,,,,,,,,,
u-ch427-n512-start-paper-x0-29,,,,,,,,,,,,,,
u-ch427-n512-start-paper-x0-30,,,,,,,,,,,,,,
u-ch427-n512-start-paper-x0-prec-00, 4496.882 ,92.24,,,0,,45,2022-06-26T23:38:16Z,2022-06-27T02:31:58Z,2022-06-27T03:47:16Z,SUCCEEDED,1918846,35711,29.981
u-ch427-n512-template-start-00, 4979.903 ,135.44,,,1,,38,2022-02-14T20:27:16Z,2022-02-14T20:34:03Z,2022-02-14T21:58:00Z,SUCCEEDED,1116069,151352,33.475
u-ch427-n512-template-start-all, 5066.279 ,137.82,,,1,,38,2022-02-19T15:31:09Z,2022-02-19T15:36:36Z,2022-02-19T17:02:08Z,SUCCEEDED,1136224,101288,35.072
u-ch427-n512-template-start-all2, 5202.099 ,138.96,,,1,,38,2022-02-25T17:23:20Z,2022-02-25T17:23:49Z,2022-02-25T18:51:43Z,SUCCEEDED,1160064,121902,36.504
u-ch427-n512-template-start-paper, 5474.444 ,125.79,,,2,,75,2022-06-20T22:54:06Z,2022-06-21T00:10:03Z,2022-06-21T01:42:10Z,SUCCEEDED,1878934,162905,38.380
u-ch427-n512-template-start-paper-00, 5576.717 ,117.13,,,2,,75,2022-06-14T13:53:51Z,2022-06-14T13:54:13Z,2022-06-14T15:28:05Z,SUCCEEDED,1819462,49663,76.790
u-ch427-n512-template-start-paper-ms, 5641.069 ,120.62,,,2,,75,2022-06-20T23:36:16Z,2022-06-21T02:00:36Z,2022-06-21T03:35:35Z,SUCCEEDED,1879309,235955,40.435
u-ch427-n512-template-start-paper-ms-00, 5623.992 ,121.26,,,2,,75,2022-06-18T12:20:21Z,2022-06-18T12:36:56Z,2022-06-18T14:11:40Z,SUCCEEDED,1857539,223255,39.769
u-ch427-n512-template-start-paper-ms-x0-prec-00, 5419.393 ,119.93,,,2,,75,2022-06-24T21:04:02Z,2022-06-24T21:14:52Z,2022-06-24T22:46:27Z,SUCCEEDED,1909439,142813,39.650
u-ch427-n512-template-start-paper-prec, 5512.149 ,118.33,,,2,,75,2022-06-20T22:54:45Z,2022-06-21T01:02:59Z,2022-06-21T02:35:44Z,SUCCEEDED,1878951,258915,39.106
u-ch427-n512-template-start-paper-prec-00, 5779.523 ,118.72,,,2,,75,2022-06-18T14:11:44Z,2022-06-18T20:50:32Z,2022-06-18T22:27:43Z,SUCCEEDED,1859857,181074,40.973
u-ch427-n512-template-start-paper-x0, 5177.915 ,116.61,,,2,,75,2022-06-20T22:54:15Z,2022-06-21T00:38:55Z,2022-06-21T02:06:47Z,SUCCEEDED,1878945,249649,36.247
u-ch427-n512-template-start-paper-x-00, 4576.736 ,119.72,,,2,,75,2022-06-14T23:41:29Z,2022-06-15T02:31:26Z,2022-06-15T03:53:11Z,SUCCEEDED,1821947,223524,31.638
u-ch427-n512-template-start-paper-x0-00, 5430.903 ,119.02,,,2,,75,2022-06-15T13:54:20Z,2022-06-15T13:55:23Z,2022-06-15T15:27:26Z,SUCCEEDED,1825973,65990,47.420
u-ch427-n512-template-start-paper-x0-prec, 5817.831 ,118.82,,,2,,75,2022-06-20T23:06:04Z,2022-06-21T01:43:00Z,2022-06-21T03:20:57Z,SUCCEEDED,1879051,210464,39.286
u-ch427-n512-template-start-paper-x0-prec-00, 5453.655 ,118.60,,,2,,75,2022-06-18T12:44:43Z,2022-06-18T20:32:06Z,2022-06-18T22:04:00Z,SUCCEEDED,1858028,239776,46.291
u-ch427-n512-template-start-paper-x5, 5467.897 ,117.75,,,2,,75,2022-06-20T22:54:33Z,2022-06-21T00:55:36Z,2022-06-21T02:28:16Z,SUCCEEDED,1878946,150780,46.259
u-ch427-n512-template-start-paper-x5-00, 5543.246 ,117.52,,,2,,75,2022-06-15T19:20:34Z,2022-06-16T01:02:41Z,2022-06-16T02:36:37Z,SUCCEEDED,1827873,9655,55.037
u-ch427-n96-all-fields-multiple-files, 62.623 ,10.92,,,1,,5,2022-01-11T02:44:03Z,2022-01-11T02:44:13Z,2022-01-11T02:45:33Z,SUCCEEDED,956745,230417,0.550
u-ch427-n96-all-fields-one-file, 129.354 ,13.52,,,1,,5,2022-01-11T02:25:31Z,2022-01-11T02:27:58Z,2022-01-11T02:31:20Z,SUCCEEDED,956705,51257,12.693
u-ch427-n96-start-paper, 65.904 ,12.84,,,3,,13,2022-06-12T14:36:38Z,2022-06-12T14:36:46Z,2022-06-12T14:38:11Z,SUCCEEDED,1808592,169555,0.633
u-ch427-n96-start-paper-00, 61.484 ,11.19,,,0,,7,2022-06-23T03:12:07Z,2022-06-23T03:12:35Z,2022-06-23T03:13:49Z,SUCCEEDED,1898046,23224,0.525
u-ch427-n96-start-paper-01, 65.520 ,10.86,,,1,,7,2022-06-21T22:09:28Z,2022-06-21T22:20:48Z,2022-06-21T22:22:09Z,SUCCEEDED,1890337,11685,0.595
u-ch427-n96-start-paper-01-active, 70.684 ,11.14,,,1,,7,2022-07-01T12:06:52Z,2022-07-01T12:07:15Z,2022-07-01T12:08:43Z,SUCCEEDED,1943209,225986,0.593
u-ch427-n96-start-paper-02, 64.979 ,11.71,,,2,,11,2022-06-21T22:51:11Z,2022-06-21T22:51:24Z,2022-06-21T22:52:47Z,SUCCEEDED,1890548,134265,0.643
u-ch427-n96-start-paper-03, 62.977 ,12.14,,,3,,15,2022-06-21T22:51:27Z,2022-06-21T22:52:10Z,2022-06-21T22:53:33Z,SUCCEEDED,1890549,16604,0.617
u-ch427-n96-start-paper-04, 73.777 ,12.62,,,4,,19,2022-06-21T23:27:02Z,2022-06-21T23:46:58Z,2022-06-21T23:48:34Z,SUCCEEDED,1890646,35196,0.653
u-ch427-n96-start-paper-05, 70.091 ,13.43,,,5,,23,2022-06-21T22:22:12Z,2022-06-21T22:47:12Z,2022-06-21T22:49:06Z,SUCCEEDED,1890452,192239,0.683
u-ch427-n96-start-paper-06, 70.533 ,14.88,,,6,,27,2022-06-21T22:53:51Z,2022-06-21T22:59:29Z,2022-06-21T23:01:23Z,SUCCEEDED,1890567,22110,0.678
u-ch427-n96-start-paper-07, 69.899 ,14.44,,,7,,31,2022-06-21T22:54:22Z,2022-06-21T22:59:29Z,2022-06-21T23:01:24Z,SUCCEEDED,1890568,212433,0.727
u-ch427-n96-start-paper-08, 71.402 ,13.29,,,8,,35,2022-06-21T22:54:40Z,2022-06-21T23:01:59Z,2022-06-21T23:04:10Z,SUCCEEDED,1890570,38108,1.136
u-ch427-n96-start-paper-09, 78.529 ,20.15,,,9,,39,2022-06-21T22:55:15Z,2022-06-21T23:01:59Z,2022-06-21T23:04:11Z,SUCCEEDED,1890573,90614,0.709
u-ch427-n96-start-paper-10, 70.684 ,14.07,,,10,,43,2022-06-21T22:55:29Z,2022-06-21T23:05:17Z,2022-06-21T23:07:17Z,SUCCEEDED,1890574,54891,0.738
u-ch427-n96-start-paper-100, 799.829 ,90.99,,,100,,403,2022-06-28T21:26:06Z,2022-06-29T02:57:58Z,2022-06-29T03:18:27Z,SUCCEEDED,1930754,97907,31.813
u-ch427-n96-start-paper-100-active, 982.461 ,105.60,,,100,,403,2022-07-01T12:06:33Z,2022-07-01T13:21:26Z,2022-07-01T13:44:18Z,SUCCEEDED,1943207,233102,24.967
u-ch427-n96-start-paper-100-io,,,,,100,,408,2022-07-01T13:32:42Z,,,,1943689,,
u-ch427-n96-start-paper-100-no-io, 110.322 ,25.14,,,100,,403,2022-06-29T04:29:12Z,2022-07-01T01:55:46Z,2022-07-01T02:04:19Z,SUCCEEDED,1931850,50253,0.562
u-ch427-n96-start-paper-11, 74.832 ,15.87,,,11,,47,2022-06-21T22:55:49Z,2022-06-21T23:26:10Z,2022-06-21T23:28:17Z,SUCCEEDED,1890576,182038,0.795
u-ch427-n96-start-paper-110, 1093.984 ,105.50,,,110,,443,2022-06-29T07:04:11Z,2022-07-01T02:56:24Z,2022-07-01T03:22:50Z,SUCCEEDED,1932162,123331,26.272
u-ch427-n96-start-paper-12, 83.631 ,15.98,,,12,,51,2022-06-21T23:26:14Z,2022-06-21T23:48:31Z,2022-06-21T23:50:49Z,SUCCEEDED,1890642,85897,0.772
u-ch427-n96-start-paper-120, 1244.557 ,115.69,,,120,,483,2022-06-29T07:03:55Z,2022-07-01T02:26:14Z,2022-07-01T02:55:55Z,SUCCEEDED,1932161,93663,56.714
u-ch427-n96-start-paper-13, 74.699 ,16.53,,,13,,55,2022-06-26T21:53:55Z,2022-06-26T22:17:40Z,2022-06-26T22:19:53Z,SUCCEEDED,1918348,201960,0.780
u-ch427-n96-start-paper-14, 83.267 ,18.02,,,14,,59,2022-06-26T21:54:20Z,2022-06-26T22:19:08Z,2022-06-26T22:21:29Z,SUCCEEDED,1918351,58281,1.357
u-ch427-n96-start-paper-15, 88.009 ,18.97,,,15,,63,2022-06-26T22:35:54Z,2022-06-27T01:40:43Z,2022-06-27T01:43:11Z,SUCCEEDED,1918691,157802,1.633
u-ch427-n96-start-paper-16, 89.828 ,19.95,,,16,,67,2022-06-27T02:06:27Z,2022-06-27T02:07:07Z,2022-06-27T02:09:56Z,SUCCEEDED,1919208,51431,1.872
u-ch427-n96-start-paper-17, 98.748 ,17.66,,,17,,71,2022-06-26T21:50:33Z,2022-06-26T22:14:00Z,2022-06-26T22:17:01Z,SUCCEEDED,1918339,158845,2.677
u-ch427-n96-start-paper-18, 100.721 ,18.44,,,18,,75,2022-06-26T21:50:50Z,2022-06-26T22:15:25Z,2022-06-26T22:18:31Z,SUCCEEDED,1918340,18505,1.572
u-ch427-n96-start-paper-19, 87.039 ,19.47,,,19,,79,2022-06-26T21:51:14Z,2022-06-26T22:15:25Z,2022-06-26T22:18:27Z,SUCCEEDED,1918342,40213,2.553
u-ch427-n96-start-paper-20, 108.105 ,19.04,,,20,,83,2022-06-21T23:03:28Z,2022-06-21T23:17:09Z,2022-06-21T23:20:24Z,SUCCEEDED,1890587,213936,1.838
u-ch427-n96-start-paper-21, 109.577 ,19.84,,,21,,87,2022-06-21T23:03:46Z,2022-06-21T23:56:54Z,2022-06-22T00:00:13Z,SUCCEEDED,1890589,150236,3.269
u-ch427-n96-start-paper-22, 131.587 ,38.15,,,22,,91,2022-06-21T22:33:57Z,2022-06-21T23:21:17Z,2022-06-21T23:25:00Z,SUCCEEDED,1890468,232122,4.167
u-ch427-n96-start-paper-23, 134.622 ,37.52,,,23,,95,2022-06-26T21:53:57Z,2022-06-26T22:19:08Z,2022-06-26T22:22:56Z,SUCCEEDED,1918349,85416,4.744
u-ch427-n96-start-paper-24, 146.092 ,40.97,,,24,,99,2022-06-26T23:05:41Z,2022-06-27T01:42:31Z,2022-06-27T01:46:31Z,SUCCEEDED,1918767,251550,3.499
u-ch427-n96-start-paper-25, 125.388 ,41.32,,,25,,103,2022-06-26T23:06:02Z,2022-06-27T01:42:30Z,2022-06-27T01:46:24Z,SUCCEEDED,1918770,66214,3.918
u-ch427-n96-start-paper-26, 146.268 ,39.76,,,26,,107,2022-06-27T02:06:31Z,2022-06-27T02:07:07Z,2022-06-27T02:11:31Z,SUCCEEDED,1919209,179005,5.526
u-ch427-n96-start-paper-27, 154.406 ,40.33,,,27,,111,2022-06-23T14:49:26Z,2022-06-23T15:48:23Z,2022-06-23T15:53:00Z,SUCCEEDED,1901764,40367,6.052
u-ch427-n96-start-paper-28, 159.018 ,40.47,,,28,,115,2022-06-23T14:49:46Z,2022-06-23T15:54:16Z,2022-06-23T15:58:55Z,SUCCEEDED,1901770,209006,6.009
u-ch427-n96-start-paper-29, 169.130 ,45.92,,,29,,119,2022-06-23T23:59:46Z,2022-06-24T00:29:11Z,2022-06-24T00:34:16Z,SUCCEEDED,1905216,209498,4.988
u-ch427-n96-start-paper-30, 175.184 ,50.50,,,30,,123,2022-06-23T23:57:28Z,2022-06-24T00:29:11Z,2022-06-24T00:34:18Z,SUCCEEDED,1905213,143165,6.531
u-ch427-n96-start-paper-40, 209.150 ,47.40,,,40,,163,2022-06-29T03:30:33Z,2022-06-29T05:37:57Z,2022-06-29T05:44:03Z,SUCCEEDED,1931747,221169,2.522
u-ch427-n96-start-paper-50, 273.078 ,51.48,,,50,,203,2022-06-15T16:48:54Z,2022-06-15T17:50:43Z,2022-06-15T17:58:11Z,SUCCEEDED,1827273,149960,3.119
u-ch427-n96-start-paper-60, 424.947 ,55.43,,,60,,243,2022-06-29T03:30:43Z,2022-06-29T05:25:56Z,2022-06-29T05:36:39Z,SUCCEEDED,1931748,63457,3.052
u-ch427-n96-start-paper-70, 525.249 ,62.49,,,70,,283,2022-06-29T07:04:19Z,2022-07-01T03:23:58Z,2022-07-01T03:37:26Z,SUCCEEDED,1932163,200693,14.224
u-ch427-n96-start-paper-80, 684.963 ,82.63,,,80,,323,2022-06-29T07:01:16Z,2022-07-01T03:23:24Z,2022-07-01T03:39:53Z,SUCCEEDED,1932154,94411,9.211
u-ch427-n96-start-paper-90, 894.707 ,92.04,,,90,,363,2022-06-29T07:01:40Z,2022-07-01T02:05:03Z,2022-07-01T02:25:45Z,SUCCEEDED,1932156,68037,16.280
u-ch427-n96-start-paper-97, 613.343 ,92.67,,,97,,391,2022-06-16T05:53:23Z,2022-06-16T21:06:43Z,2022-06-16T21:24:58Z,SUCCEEDED,1830242,131984,18.878
u-ch427-n96-start-paper-97-io, 615.538 ,89.65,,,97,,391,2022-06-28T21:27:31Z,2022-06-29T05:02:53Z,2022-06-29T05:20:47Z,SUCCEEDED,1930768,142663,19.636
u-ch427-n96-start-paper-98, 903.709 ,73.88,,,98,,395,2022-06-16T05:53:24Z,2022-06-16T21:19:38Z,2022-06-16T21:42:34Z,SUCCEEDED,1830245,209561,20.389
u-ch427-n96-start-paper-99, 930.802 ,89.13,,,99,,399,2022-06-16T05:53:20Z,2022-06-16T18:33:34Z,2022-06-16T18:57:00Z,SUCCEEDED,1830237,116932,18.008
u-ch427-n96-start-paper-ms-00, 70.478 ,11.82,,,2,,11,2022-06-18T18:20:06Z,2022-06-18T18:20:22Z,2022-06-18T18:21:54Z,SUCCEEDED,1864481,130761,0.665
u-ch427-n96-start-paper-ms-x0-prec-00, 60.481 ,10.39,,,0,,7,2022-06-24T22:25:38Z,2022-06-24T22:26:34Z,2022-06-24T22:27:46Z,SUCCEEDED,1909887,143726,0.525
u-ch427-n96-start-paper-ms-x0-prec-01, 65.311 ,10.79,,,1,,7,2022-06-27T01:52:20Z,2022-06-27T01:52:56Z,2022-06-27T01:54:27Z,SUCCEEDED,1919126,204799,0.646
u-ch427-n96-start-paper-ms-x0-prec-02, 69.850 ,12.19,,,2,,11,2022-06-24T22:09:58Z,2022-06-24T22:11:04Z,2022-06-24T22:12:52Z,SUCCEEDED,1909756,24991,0.696
u-ch427-n96-start-paper-ms-x0-prec-03, 71.916 ,13.21,,,3,,15,2022-06-24T22:10:01Z,2022-06-24T22:11:04Z,2022-06-24T22:12:56Z,SUCCEEDED,1909757,42953,0.788
u-ch427-n96-start-paper-ms-x0-prec-04, 73.280 ,13.15,,,4,,19,2022-06-24T22:10:29Z,2022-06-24T22:11:04Z,2022-06-24T22:12:59Z,SUCCEEDED,1909759,199683,1.576
u-ch427-n96-start-paper-ms-x0-prec-05, 78.821 ,14.07,,,5,,23,2022-06-24T22:10:47Z,2022-06-24T22:13:35Z,2022-06-24T22:15:54Z,SUCCEEDED,1909761,36324,1.771
u-ch427-n96-start-paper-ms-x0-prec-06, 81.119 ,13.48,,,6,,27,2022-06-24T22:11:55Z,2022-06-24T22:15:06Z,2022-06-24T22:17:30Z,SUCCEEDED,1909773,65042,1.268
u-ch427-n96-start-paper-ms-x0-prec-07, 84.876 ,13.83,,,7,,31,2022-06-24T22:17:08Z,2022-06-24T22:18:17Z,2022-06-24T22:20:50Z,SUCCEEDED,1909843,81432,0.815
u-ch427-n96-start-paper-ms-x0-prec-08, 94.705 ,13.98,,,8,,35,2022-06-24T22:22:23Z,2022-06-24T22:22:54Z,2022-06-24T22:25:36Z,SUCCEEDED,1909875,98154,2.273
u-ch427-n96-start-paper-ms-x0-prec-09, 98.987 ,14.39,,,9,,39,2022-06-24T22:52:32Z,2022-06-24T22:53:14Z,2022-06-24T22:56:02Z,SUCCEEDED,1910004,122300,3.711
u-ch427-n96-start-paper-ms-x0-prec-10, 105.129 ,14.90,,,10,,43,2022-06-26T01:18:26Z,2022-06-26T01:18:57Z,2022-06-26T01:21:51Z,SUCCEEDED,1914654,212071,4.458
u-ch427-n96-start-paper-ms-x0-prec-100, 1795.829 ,91.99,,,100,,403,2022-06-26T00:16:38Z,2022-06-26T01:33:28Z,2022-06-26T02:11:37Z,SUCCEEDED,1914417,251986,95.217
u-ch427-n96-start-paper-ms-x0-prec-110, 2074.881 ,92.92,,,110,,443,2022-06-26T00:16:39Z,2022-06-26T01:39:34Z,2022-06-26T02:22:55Z,SUCCEEDED,1914420,107013,120.053
u-ch427-n96-start-paper-ms-x0-prec-120, 2500.172 ,102.50,,,120,,483,2022-06-26T00:16:38Z,2022-06-26T00:47:42Z,2022-06-26T01:39:03Z,SUCCEEDED,1914418,73166,127.165
u-ch427-n96-start-paper-ms-x0-prec-20, 177.953 ,20.12,,,20,,83,2022-06-26T00:47:39Z,2022-06-26T00:48:21Z,2022-06-26T00:53:07Z,SUCCEEDED,1914555,168832,7.477
u-ch427-n96-start-paper-ms-x0-prec-30, 264.054 ,41.58,,,30,,123,2022-06-26T00:17:55Z,2022-06-26T01:56:08Z,2022-06-26T02:02:58Z,SUCCEEDED,1914429,51328,14.306
u-ch427-n96-start-paper-ms-x0-prec-40, 343.404 ,44.86,,,40,,163,2022-06-26T00:17:32Z,2022-06-26T14:34:51Z,2022-06-26T14:43:38Z,SUCCEEDED,1914423,155870,17.519
u-ch427-n96-start-paper-ms-x0-prec-50, 504.381 ,48.89,,,50,,203,2022-06-26T00:16:38Z,2022-06-26T15:09:17Z,2022-06-26T15:21:24Z,SUCCEEDED,1914414,219319,17.109
u-ch427-n96-start-paper-ms-x0-prec-60, 784.996 ,55.15,,,60,,243,2022-06-26T00:16:41Z,2022-06-26T15:36:59Z,2022-06-26T15:54:08Z,SUCCEEDED,1914421,243474,36.885
u-ch427-n96-start-paper-ms-x0-prec-70, 1014.796 ,60.51,,,70,,283,2022-06-26T00:16:38Z,2022-06-26T00:55:33Z,2022-06-26T01:17:48Z,SUCCEEDED,1914416,187346,30.161
u-ch427-n96-start-paper-ms-x0-prec-80, 1260.491 ,79.30,,,80,,323,2022-06-26T00:16:39Z,2022-06-27T01:40:42Z,2022-06-27T02:07:39Z,SUCCEEDED,1914419,36458,62.468
u-ch427-n96-start-paper-ms-x0-prec-90, 1503.378 ,88.32,,,90,,363,2022-06-26T00:16:38Z,2022-06-26T15:54:59Z,2022-06-26T16:27:10Z,SUCCEEDED,1914415,6291,84.474
u-ch427-n96-start-paper-prec-00, 59.533 ,10.57,,,0,,7,2022-06-26T22:23:36Z,2022-06-26T22:34:35Z,2022-06-26T22:35:47Z,SUCCEEDED,1918499,224470,0.524
u-ch427-n96-start-paper-x0-00, 59.571 ,10.49,,,0,,7,2022-06-15T15:06:22Z,2022-06-15T15:07:02Z,2022-06-15T15:08:15Z,SUCCEEDED,1826538,228620,0.527
u-ch427-n96-start-paper-x0-01, 61.365 ,9.53,,,1,,7,2022-06-15T15:06:37Z,2022-06-15T15:07:02Z,2022-06-15T15:08:30Z,SUCCEEDED,1826539,57673,0.593
u-ch427-n96-start-paper-x0-02, 63.755 ,11.65,,,2,,11,2022-06-15T20:16:58Z,2022-06-15T20:23:05Z,2022-06-15T20:24:37Z,SUCCEEDED,1828117,5372,0.605
u-ch427-n96-start-paper-x0-03, 66.494 ,12.49,,,3,,15,2022-06-15T20:17:06Z,2022-06-15T20:27:07Z,2022-06-15T20:28:46Z,SUCCEEDED,1828118,30623,0.704
u-ch427-n96-start-paper-x0-04, 67.676 ,12.56,,,4,,19,2022-06-15T20:17:18Z,2022-06-15T20:19:06Z,2022-06-15T20:20:46Z,SUCCEEDED,1828121,181503,0.650
u-ch427-n96-start-paper-x0-05, 66.000 ,13.00,,,5,,23,2022-06-15T20:17:29Z,2022-06-15T20:20:09Z,2022-06-15T20:22:07Z,SUCCEEDED,1828122,132818,0.654
u-ch427-n96-start-paper-x0-06, 69.125 ,13.37,,,6,,27,2022-06-15T20:17:39Z,2022-06-15T20:33:57Z,2022-06-15T20:36:03Z,SUCCEEDED,1828123,19531,0.917
u-ch427-n96-start-paper-x0-07, 74.081 ,13.57,,,7,,31,2022-06-15T20:22:55Z,2022-06-15T20:44:37Z,2022-06-15T20:46:49Z,SUCCEEDED,1828138,132216,0.696
u-ch427-n96-start-paper-x0-08, 73.699 ,14.00,,,8,,35,2022-06-15T20:23:00Z,2022-06-15T21:21:35Z,2022-06-15T21:23:48Z,SUCCEEDED,1828139,232230,0.873
u-ch427-n96-start-paper-x0-09, 76.161 ,14.58,,,9,,39,2022-06-15T20:23:10Z,2022-06-15T21:42:01Z,2022-06-15T21:44:18Z,SUCCEEDED,1828140,93049,0.978
u-ch427-n96-start-paper-x0-10, 79.217 ,13.81,,,10,,43,2022-06-15T15:11:59Z,2022-06-15T15:13:04Z,2022-06-15T15:15:25Z,SUCCEEDED,1826581,127661,1.102
u-ch427-n96-start-paper-x0-100, 905.889 ,86.23,,,100,,403,2022-06-15T15:07:56Z,2022-06-15T17:12:54Z,2022-06-15T17:35:25Z,SUCCEEDED,1826547,84597,37.190
u-ch427-n96-start-paper-x0-11,,,,,,,,,,,,,,
u-ch427-n96-start-paper-x0-110, 1086.853 ,119.16,,,110,,443,2022-07-01T11:42:36Z,2022-07-01T13:22:08Z,2022-07-01T13:49:02Z,SUCCEEDED,1943128,158848,23.735
u-ch427-n96-start-paper-x0-12,,,,,,,,,,,,,,
u-ch427-n96-start-paper-x0-120, 1302.484 ,103.04,,,120,,483,2022-06-29T04:06:07Z,2022-07-01T01:23:47Z,2022-07-01T01:55:06Z,SUCCEEDED,1931816,20133,27.626
u-ch427-n96-start-paper-x0-13,,,,,,,,,,,,,,
u-ch427-n96-start-paper-x0-14,,,,,,,,,,,,,,
u-ch427-n96-start-paper-x0-15,,,,,,,,,,,,,,
u-ch427-n96-start-paper-x0-16,,,,,,,,,,,,,,
u-ch427-n96-start-paper-x0-17,,,,,,,,,,,,,,
u-ch427-n96-start-paper-x0-18,,,,,,,,,,,,,,
u-ch427-n96-start-paper-x0-19,,,,,,,,,,,,,,
u-ch427-n96-start-paper-x0-20, 117.413 ,19.67,,,20,,83,2022-06-15T15:07:09Z,2022-06-15T15:08:01Z,2022-06-15T15:11:35Z,SUCCEEDED,1826542,126623,4.900
u-ch427-n96-start-paper-x0-21,,,,,,,,,,,,,,
u-ch427-n96-start-paper-x0-22,,,,,,,,,,,,,,
u-ch427-n96-start-paper-x0-23,,,,,,,,,,,,,,
u-ch427-n96-start-paper-x0-24,,,,,,,,,,,,,,
u-ch427-n96-start-paper-x0-25,,,,,,,,,,,,,,
u-ch427-n96-start-paper-x0-26,,,,,,,,,,,,,,
u-ch427-n96-start-paper-x0-27,,,,,,,,,,,,,,
u-ch427-n96-start-paper-x0-28,,,,,,,,,,,,,,
u-ch427-n96-start-paper-x0-29,,,,,,,,,,,,,,
u-ch427-n96-start-paper-x0-30, 169.728 ,39.96,,,30,,123,2022-06-15T15:07:24Z,2022-06-15T15:12:05Z,2022-06-15T15:17:10Z,SUCCEEDED,1826543,224646,2.168
u-ch427-n96-start-paper-x0-40, 225.469 ,45.70,,,40,,163,2022-06-29T07:05:01Z,2022-07-01T03:52:16Z,2022-07-01T03:58:54Z,SUCCEEDED,1932169,21663,3.776
u-ch427-n96-start-paper-x0-50, 280.340 ,50.45,,,50,,203,2022-06-15T15:07:38Z,2022-06-15T15:26:00Z,2022-06-15T15:34:08Z,SUCCEEDED,1826544,248373,3.592
u-ch427-n96-start-paper-x0-60, 442.078 ,56.00,,,60,,243,2022-06-29T07:05:10Z,2022-07-01T03:52:16Z,2022-07-01T04:04:00Z,SUCCEEDED,1932170,247623,11.971
u-ch427-n96-start-paper-x0-70, 523.855 ,80.56,,,70,,283,2022-06-29T07:05:22Z,2022-07-01T03:37:57Z,2022-07-01T03:51:45Z,SUCCEEDED,1932172,223955,20.912
u-ch427-n96-start-paper-x0-80, 679.356 ,68.33,,,80,,323,2022-06-29T07:05:32Z,2022-07-01T03:40:50Z,2022-07-01T03:58:04Z,SUCCEEDED,1932173,118898,39.392
u-ch427-n96-start-paper-x0-90, 836.298 ,98.66,,,90,,363,2022-06-29T10:05:52Z,2022-07-01T03:58:33Z,2022-07-01T04:19:08Z,SUCCEEDED,1932930,74682,18.662
u-ch427-n96-start-paper-x0-97, 642.506 ,87.29,,,97,,391,2022-06-18T21:17:03Z,2022-06-19T12:38:40Z,2022-06-19T12:57:16Z,SUCCEEDED,1866121,169444,19.378
u-ch427-n96-start-paper-x0-97-io, 619.274 ,89.85,,,97,,391,2022-06-28T21:28:05Z,2022-06-29T05:25:56Z,2022-06-29T05:43:42Z,SUCCEEDED,1930769,238133,18.820
u-ch427-n96-start-paper-x0-98, 942.621 ,87.20,,,98,,395,2022-06-18T21:14:01Z,2022-06-19T11:34:34Z,2022-06-19T11:57:50Z,SUCCEEDED,1866088,117951,17.360
u-ch427-n96-start-paper-x0-99, 967.407 ,89.63,,,99,,399,2022-06-18T21:15:37Z,2022-06-19T11:10:33Z,2022-06-19T11:34:06Z,SUCCEEDED,1866110,90372,17.599
u-ch427-n96-start-paper-x0-prec-00, 58.363 ,10.49,,,0,,7,2022-06-26T22:21:45Z,2022-06-26T22:22:14Z,2022-06-26T22:23:25Z,SUCCEEDED,1918452,43961,0.519
u-ch427-n96-template-start, 63.404 ,11.86,,,1,,5,2022-05-27T17:43:18Z,2022-05-27T17:43:29Z,2022-05-27T17:44:46Z,SUCCEEDED,1620405,30845,0.551
u-ch427-n96-template-start-00, 65.854 ,11.84,,,1,,5,2022-02-14T20:26:59Z,2022-02-14T20:27:08Z,2022-02-14T20:28:30Z,SUCCEEDED,1116066,238558,2.236
u-ch427-n96-template-start-all, 76.811 ,15.43,,,1,,5,2022-02-19T15:33:01Z,2022-02-19T15:33:08Z,2022-02-19T15:34:46Z,SUCCEEDED,1136242,87586,2.160
u-ch427-n96-template-start-all2, 82.661 ,14.22,,,1,,5,2022-02-25T17:27:49Z,2022-02-25T17:27:56Z,2022-02-25T17:29:40Z,SUCCEEDED,1160100,200593,1.596
u-ch427-n96-template-start-paper, 64.575 ,11.48,,,2,,11,2022-06-20T22:51:40Z,2022-06-20T23:03:29Z,2022-06-20T23:04:52Z,SUCCEEDED,1878907,207703,0.605
u-ch427-n96-template-start-paper-00, 68.597 ,11.32,,,2,,11,2022-06-18T17:10:06Z,2022-06-18T17:10:34Z,2022-06-18T17:12:01Z,SUCCEEDED,1863309,90221,0.611
u-ch427-n96-template-start-paper-ms, 67.865 ,12.15,,,2,,11,2022-06-20T22:52:33Z,2022-06-20T23:09:23Z,2022-06-20T23:10:51Z,SUCCEEDED,1878914,63617,0.667
u-ch427-n96-template-start-paper-ms-00, 69.148 ,12.15,,,2,,11,2022-06-18T00:16:06Z,2022-06-18T00:16:17Z,2022-06-18T00:17:46Z,SUCCEEDED,1846173,158857,0.666
u-ch427-n96-template-start-paper-ms-x0-prec-00, 69.620 ,12.18,,,2,,11,2022-06-24T21:02:16Z,2022-06-24T21:02:51Z,2022-06-24T21:04:38Z,SUCCEEDED,1909429,60837,1.048
u-ch427-n96-template-start-paper-prec, 62.973 ,11.14,,,2,,11,2022-06-20T22:52:08Z,2022-06-20T23:08:25Z,2022-06-20T23:09:47Z,SUCCEEDED,1878911,13269,0.612
u-ch427-n96-template-start-paper-prec-00, 63.914 ,11.74,,,2,,11,2022-06-18T14:11:28Z,2022-06-18T14:11:48Z,2022-06-18T14:13:10Z,SUCCEEDED,1859851,210995,0.601
u-ch427-n96-template-start-paper-x0, 63.898 ,11.24,,,2,,11,2022-06-20T22:51:49Z,2022-06-20T23:05:29Z,2022-06-20T23:07:04Z,SUCCEEDED,1878908,223384,0.605
u-ch427-n96-template-start-paper-x-00, 62.432 ,11.80,,,2,,11,2022-06-14T23:42:21Z,2022-06-14T23:42:50Z,2022-06-14T23:44:09Z,SUCCEEDED,1821949,224767,0.538
u-ch427-n96-template-start-paper-x0-00, 64.935 ,11.60,,,2,,11,2022-06-15T00:41:05Z,2022-06-15T00:41:35Z,2022-06-15T00:43:08Z,SUCCEEDED,1822196,72382,0.621
u-ch427-n96-template-start-paper-x0-prec, 64.010 ,11.72,,,2,,11,2022-06-20T22:52:20Z,2022-06-20T23:08:25Z,2022-06-20T23:09:57Z,SUCCEEDED,1878913,212980,0.605
u-ch427-n96-template-start-paper-x0-prec-00, 64.982 ,11.55,,,2,,11,2022-06-18T12:44:43Z,2022-06-18T12:48:29Z,2022-06-18T12:50:00Z,SUCCEEDED,1858029,31775,0.820
u-ch427-n96-template-start-paper-x5, 65.031 ,11.84,,,2,,11,2022-06-20T22:51:56Z,2022-06-20T23:07:26Z,2022-06-20T23:09:01Z,SUCCEEDED,1878910,238610,0.760
u-ch427-n96-template-start-paper-x5-00, 71.062 ,11.51,,,2,,11,2022-06-15T16:58:17Z,2022-06-15T16:59:56Z,2022-06-15T17:01:36Z,SUCCEEDED,1827300,133529,0.605
u-ch427-n96-xml-temp, 62.727 ,11.86,,,5,,21,2022-06-16T21:40:40Z,2022-06-16T21:40:51Z,2022-06-16T21:42:32Z,SUCCEEDED,1834885,104156,0.530
u-ch427-n96-xml-temp10, 61.383 ,12.63,,,3,,13,2022-06-16T21:45:51Z,2022-06-16T21:54:27Z,2022-06-16T21:55:44Z,SUCCEEDED,1834904,171748,0.545
u-ch427-n96-xml-temp11, 62.662 ,13.68,,,3,,13,2022-06-16T21:46:09Z,2022-06-16T21:55:54Z,2022-06-16T21:57:13Z,SUCCEEDED,1834917,73297,0.528
u-ch427-n96-xml-temp12, 62.562 ,13.74,,,3,,13,2022-06-16T21:46:33Z,2022-06-16T21:57:26Z,2022-06-16T21:58:43Z,SUCCEEDED,1834922,42258,0.532
u-ch427-n96-xml-temp13, 59.920 ,11.46,,,2,,9,2022-06-16T21:46:55Z,2022-06-16T21:47:03Z,2022-06-16T21:48:17Z,SUCCEEDED,1834923,199368,0.527
u-ch427-n96-xml-temp14,,,,,2,,9,2022-06-16T21:47:18Z,2022-06-16T21:48:33Z,2022-06-16T22:08:53Z,E,1834924,215084,
u-ch427-n96-xml-temp15,,,,,2,,9,2022-06-16T21:47:43Z,2022-06-16T21:54:27Z,2022-06-16T21:54:51Z,E,1834925,185190,
u-ch427-n96-xml-temp16, 65.996 ,14.52,,,3,,13,2022-06-17T22:29:39Z,2022-06-17T22:29:51Z,2022-06-17T22:31:11Z,SUCCEEDED,1844944,94590,0.530
u-ch427-n96-xml-temp17, 63.969 ,14.66,,,3,,13,2022-06-17T23:08:44Z,2022-06-17T23:08:54Z,2022-06-17T23:10:11Z,SUCCEEDED,1845380,128891,0.529
u-ch427-n96-xml-temp18,,,,,3,,13,2022-06-17T23:09:05Z,2022-06-17T23:09:15Z,2022-06-17T23:09:40Z,E,1845389,58931,
u-ch427-n96-xml-temp19, 59.618 ,13.57,,,3,,13,2022-06-17T23:09:20Z,2022-06-17T23:09:51Z,2022-06-17T23:11:04Z,SUCCEEDED,1845392,95109,0.526
u-ch427-n96-xml-temp2, 61.680 ,12.03,,,5,,21,2022-06-16T21:42:44Z,2022-06-16T21:42:55Z,2022-06-16T21:44:35Z,SUCCEEDED,1834894,120184,0.528
u-ch427-n96-xml-temp20, 64.161 ,14.40,,,3,,13,2022-06-18T23:41:59Z,2022-06-18T23:42:08Z,2022-06-18T23:43:28Z,SUCCEEDED,1866927,42407,0.528
u-ch427-n96-xml-temp21, 64.806 ,14.67,,,3,,13,2022-06-21T22:58:17Z,2022-06-21T22:58:28Z,2022-06-21T22:59:48Z,SUCCEEDED,1890580,218899,0.528
u-ch427-n96-xml-temp22,,,,,3,,13,2022-06-22T12:27:41Z,2022-06-22T12:27:52Z,2022-06-22T12:28:23Z,E,1893592,23448,
u-ch427-n96-xml-temp23,,,,,3,,13,2022-06-22T23:21:00Z,2022-06-22T23:21:08Z,2022-06-22T23:21:36Z,E,1897495,30280,
u-ch427-n96-xml-temp24, 64.533 ,14.17,,,3,,13,2022-06-21T23:41:49Z,2022-06-21T23:41:59Z,2022-06-21T23:43:17Z,SUCCEEDED,1890719,125185,0.536
u-ch427-n96-xml-temp25, 65.591 ,15.05,,,3,,13,2022-06-23T00:59:41Z,2022-06-23T00:59:49Z,2022-06-23T01:01:09Z,SUCCEEDED,1897754,122777,0.528
u-ch427-n96-xml-temp26,,,,,3,,13,2022-06-23T01:00:04Z,2022-06-23T01:00:13Z,2022-06-23T01:00:40Z,E,1897755,156558,
u-ch427-n96-xml-temp27, 63.437 ,14.76,,,3,,13,2022-06-21T23:43:00Z,2022-06-21T23:43:30Z,2022-06-21T23:44:58Z,SUCCEEDED,1890725,241652,0.528
u-ch427-n96-xml-temp28,,,,,3,,13,2022-06-21T23:43:11Z,2022-06-21T23:43:36Z,2022-06-21T23:44:07Z,E,1890726,238586,
u-ch427-n96-xml-temp29, 65.038 ,14.47,,,3,,13,2022-06-23T00:12:00Z,2022-06-23T00:12:09Z,2022-06-23T00:13:28Z,SUCCEEDED,1897625,53869,0.530
u-ch427-n96-xml-temp3, 62.546 ,12.33,,,5,,21,2022-06-16T21:43:02Z,2022-06-16T21:44:49Z,2022-06-16T21:46:30Z,SUCCEEDED,1834895,136137,0.538
u-ch427-n96-xml-temp30, 59.763 ,13.51,,,3,,13,2022-06-23T00:12:09Z,2022-06-23T00:12:17Z,2022-06-23T00:13:31Z,SUCCEEDED,1897626,102597,0.534
u-ch427-n96-xml-temp31, 66.521 ,14.39,,,3,,13,2022-06-23T00:12:20Z,2022-06-23T00:13:43Z,2022-06-23T00:15:05Z,SUCCEEDED,1897627,41658,0.526
u-ch427-n96-xml-temp32,,,,,3,,13,2022-06-23T00:23:41Z,2022-06-23T00:23:50Z,2022-06-23T00:24:16Z,E,1897656,71251,
u-ch427-n96-xml-temp33,,,,,3,,13,2022-06-23T12:46:19Z,2022-06-23T12:46:31Z,2022-06-23T12:47:01Z,E,1900758,221867,
u-ch427-n96-xml-temp34,,,,,3,,13,2022-06-23T00:24:02Z,2022-06-23T00:24:27Z,2022-06-23T00:24:53Z,E,1897658,59019,
u-ch427-n96-xml-temp35, 65.311 ,15.28,,,3,,13,2022-06-23T02:04:41Z,2022-06-23T02:04:50Z,2022-06-23T02:06:10Z,SUCCEEDED,1897907,165602,0.527
u-ch427-n96-xml-temp36, 64.567 ,15.25,,,3,,13,2022-06-26T12:05:53Z,2022-06-26T12:06:04Z,2022-06-26T12:07:24Z,SUCCEEDED,1916235,70603,0.709
u-ch427-n96-xml-temp37,,,,,3,,13,2022-06-27T12:18:24Z,2022-06-27T12:18:33Z,2022-06-27T12:19:00Z,E,1922063,22988,
u-ch427-n96-xml-temp38, 67.147 ,14.92,,,3,,13,2022-06-27T17:05:50Z,2022-06-27T17:06:01Z,2022-06-27T17:07:23Z,SUCCEEDED,1923615,202476,0.537
u-ch427-n96-xml-temp39, 66.280 ,15.04,,,3,,13,2022-06-27T21:17:56Z,2022-06-27T21:18:10Z,2022-06-27T21:19:29Z,SUCCEEDED,1924404,21357,0.540
u-ch427-n96-xml-temp4, 61.365 ,12.19,,,5,,21,2022-06-16T21:48:27Z,2022-06-16T21:58:53Z,2022-06-16T22:00:34Z,SUCCEEDED,1834926,201170,0.535
u-ch427-n96-xml-temp40, 68.087 ,16.30,,,3,,13,2022-06-27T21:46:25Z,2022-06-27T21:46:35Z,2022-06-27T21:47:57Z,SUCCEEDED,1924542,134640,0.543
u-ch427-n96-xml-temp5, 79.146 ,30.66,,,5,,21,2022-06-16T21:43:48Z,2022-06-16T21:46:41Z,2022-06-16T21:48:35Z,SUCCEEDED,1834897,70366,0.530
u-ch427-n96-xml-temp6, 62.036 ,12.02,,,5,,21,2022-06-16T21:44:10Z,2022-06-16T21:48:48Z,2022-06-16T21:50:29Z,SUCCEEDED,1834900,152662,0.530
u-ch427-n96-xml-temp7, 64.881 ,15.26,,,5,,21,2022-06-16T21:49:38Z,2022-06-16T22:00:50Z,2022-06-16T22:02:31Z,SUCCEEDED,1834928,216877,0.589
u-ch427-n96-xml-temp8, 65.548 ,15.11,,,5,,21,2022-06-17T18:50:01Z,2022-06-17T18:50:12Z,2022-06-17T18:51:54Z,SUCCEEDED,1843434,35248,0.529
u-ch427-n96-xml-temp9, 64.705 ,15.35,,,5,,21,2022-06-16T21:45:28Z,2022-06-16T21:52:38Z,2022-06-16T21:54:17Z,SUCCEEDED,1834903,56873,0.544
u-ch972,,,,,,,,,,,,,,
u-cl208, 577.741 ,9.81,,,,,4,2022-02-06T19:56:58Z,2022-02-06T19:57:08Z,2022-02-06T20:07:01Z,SUCCEEDED,1069293,132993,
x,,,,,,,,,,,,,,
